Id,Guests,Adults,Children,Leisure,Business,Cottage
300000,,1,0,0,0,1
300001,,,,,,
300002,,2,0,0,0,14
300003,,,,,,
300004,,1,3,0,0,0
300005,,2,1,0,0,0
300006,,2,0,0,0,0
300007,,4,0,0,0,0
300008,,2,2,0,0,2
300009,,2,0,0,0,0
300010,,3,0,0,0,0
300011,,,,,,
300012,2,2,0,0,0,2
300013,,1,0,0,0,0
300014,,3,0,0,0,11
300015,,4,0,0,0,0
300016,,1,0,0,0,1
300017,,1,0,0,0,0
300018,,1,0,0,0,0
300019,,,,,,
300020,,2,1,0,0,0
300021,,,,,,
300022,,,,,,
300023,,2,0,1,0,1
300024,,3,0,0,0,6
300025,4,4,1,1,0,0
300026,,2,0,0,0,0
300027,,,,,,
300028,,2,0,0,0,0
300029,,1,0,0,0,0
300030,,2,1,1,0,0
300031,,2,1,0,0,4
300032,,,,,,
300033,,2,1,1,0,0
300034,,1,2,0,0,0
300035,,1,0,0,0,0
300036,,3,0,0,0,0
300037,1,2,2,2,0,0
300038,,2,0,0,0,1
300039,,2,0,0,0,0
300040,,,,,,
300041,,,,,,
300042,,,,,,
300043,,2,0,0,0,9
300044,,2,0,0,0,2
300045,,,,,,
300046,,2,2,1,0,0
300047,,,,,,
300048,,,,,,
300049,,4,0,0,0,0
300050,,2,0,0,0,2
300051,,2,0,1,0,0
300052,,2,0,0,0,0
300053,1,2,2,0,0,0
300054,,,,,,
300055,,2,1,0,0,0
300056,,,,,,
300057,,2,2,0,0,0
300058,,,,,,
300059,,,,,,
300060,1,2,0,2,0,1
300061,,2,0,1,0,1
300062,,2,0,1,0,4
300063,,3,1,0,0,0
300064,,3,1,0,0,0
300065,,,,,,
300066,,,,,,
300067,,,,,,
300068,,2,0,0,0,2
300069,,2,0,0,0,0
300070,,2,0,0,0,0
300071,,,,,,
300072,,5,0,1,0,2
300073,,5,0,1,0,0
300074,,2,0,0,0,0
300075,,2,0,0,0,0
300076,,2,0,2,0,4
300077,,,,,,
300078,,3,1,0,0,0
300079,,2,1,0,0,5
300080,,,,,,
300081,,2,0,0,0,0
300082,,2,0,0,0,0
300083,,2,0,1,0,0
300084,,2,0,0,0,0
300085,,3,0,0,0,1
300086,,2,0,0,1,0
300087,,,,,,
300088,,,,,,
300089,,,,,,
300090,,,,,,
300091,,,,,,
300092,,2,3,0,1,0
300093,,1,0,0,0,0
300094,,2,0,1,0,0
300095,,1,0,0,0,1
300096,,1,0,0,0,0
300097,,2,0,0,0,0
300098,,2,0,1,0,0
300099,,,,,,
300100,,2,0,0,0,0
300101,,,,,,
300102,,2,0,0,0,1
300103,,3,0,0,0,2
300104,,,,,,
300105,,2,0,0,0,0
300106,,2,0,2,2,0
300107,,,,,,
300108,,,,,,
300109,,,,,,
300110,,1,1,1,2,0
300111,,3,0,0,0,0
300112,,3,1,0,0,1
300113,1,2,0,0,0,2
300114,,2,0,0,0,0
300115,4,1,0,0,8,6
300116,,,,,,
300117,,1,0,1,0,1
300118,,,,,,
300119,,,,,,
300120,,2,0,0,1,0
300121,,2,0,0,0,3
300122,1,2,0,0,0,0
300123,,2,0,1,0,1
300124,,2,0,0,0,0
300125,,2,1,0,0,0
300126,,2,3,0,0,0
300127,,,,,,
300128,,2,2,0,0,0
300129,,2,1,0,0,1
300130,,,,,,
300131,,5,0,1,0,0
300132,,1,0,0,0,0
300133,,,,,,
300134,,2,0,0,0,0
300135,1,2,0,0,0,0
300136,2,2,0,0,0,3
300137,,,,,,
300138,,6,0,0,0,0
300139,,,,,,
300140,,2,3,0,0,1
300141,,2,2,0,0,0
300142,,3,0,0,0,0
300143,,,,,,
300144,,,,,,
300145,,3,2,2,0,1
300146,,,,,,
300147,,2,0,0,0,0
300148,,,,,,
300149,,2,0,2,0,0
300150,,1,0,0,0,1
300151,,2,0,0,0,0
300152,,2,0,1,0,0
300153,,2,0,1,6,0
300154,,2,2,0,1,0
300155,,,,,,
300156,,,,,,
300157,,1,0,0,0,0
300158,,4,0,0,0,2
300159,,,,,,
300160,,2,0,0,0,0
300161,,,,,,
300162,,2,2,0,0,2
300163,,4,1,0,0,0
300164,,,,,,
300165,1,2,2,0,0,2
300166,,2,2,0,0,1
300167,,3,0,0,0,0
300168,,2,0,0,0,0
300169,,,,,,
300170,,2,0,0,0,0
300171,1,2,0,1,0,2
300172,,,,,,
300173,,4,0,1,0,0
300174,,2,3,1,0,1
300175,,2,1,0,0,2
300176,1,2,0,1,0,1
300177,,,,,,
300178,,2,0,0,0,0
300179,,2,0,0,0,0
300180,,,,,,
300181,,2,0,0,0,0
300182,,2,0,0,0,0
300183,,3,1,0,5,1
300184,,2,2,1,0,2
300185,,3,2,2,0,0
300186,1,1,0,0,1,0
300187,,,,,,
300188,1,1,0,0,0,0
300189,,,,,,
300190,,2,2,1,0,0
300191,,1,0,0,0,2
300192,,2,0,0,0,2
300193,,2,0,0,0,2
300194,,3,0,1,0,0
300195,,1,0,0,0,0
300196,,2,0,1,0,0
300197,,4,0,0,0,0
300198,,4,0,0,5,0
300199,,4,0,0,0,0
300200,,,,,,
300201,,2,2,0,0,1
300202,,,,,,
300203,,2,1,1,0,1
300204,,2,5,1,0,0
300205,,1,0,1,0,0
300206,,1,0,0,0,2
300207,,4,0,0,0,1
300208,,2,0,0,0,2
300209,,2,0,0,0,0
300210,,1,0,0,0,0
300211,1,3,1,0,0,2
300212,,4,0,1,0,1
300213,,,,,,
300214,1,2,2,0,0,0
300215,,,,,,
300216,,,,,,
300217,,2,0,0,0,0
300218,,3,0,1,0,1
300219,,2,0,0,0,0
300220,,2,0,1,0,3
300221,,3,0,1,0,20
300222,,3,0,0,1,2
300223,,3,0,0,0,6
300224,,2,2,0,0,0
300225,,1,0,0,0,0
300226,,2,2,0,0,0
300227,,1,2,0,0,0
300228,,1,0,1,0,0
300229,,1,0,0,0,2
300230,,2,0,0,0,2
300231,,,,,,
300232,,2,3,0,3,1
300233,,1,1,0,0,0
300234,,2,2,0,1,0
300235,,2,0,0,0,1
300236,,4,0,0,0,0
300237,,2,0,0,0,1
300238,,1,0,2,0,3
300239,,1,0,0,0,0
300240,,,,,,
300241,,2,0,0,1,0
300242,,2,2,2,0,0
300243,,,,,,
300244,,2,0,0,0,0
300245,,1,0,1,0,0
300246,,2,0,0,0,0
300247,,,,,,
300248,,4,0,0,0,0
300249,,2,2,0,0,0
300250,,,,,,
300251,,1,0,0,0,0
300252,,1,0,0,0,0
300253,,,,,,
300254,,1,0,0,0,1
300255,,2,0,0,0,0
300256,1,2,1,0,0,0
300257,,3,0,1,0,20
300258,,,,,,
300259,,1,0,0,0,0
300260,,2,0,0,0,0
300261,,1,0,0,0,0
300262,,2,0,1,0,1
300263,1,2,0,1,0,1
300264,,,,,,
300265,,,,,,
300266,,2,0,0,0,0
300267,,,,,,
300268,,,,,,
300269,,2,2,0,0,0
300270,,2,0,0,1,1
300271,,1,0,0,1,0
300272,,2,3,0,0,0
300273,,,,,,
300274,,3,0,1,0,0
300275,,,,,,
300276,,2,0,1,0,2
300277,,3,0,0,0,0
300278,,2,2,0,0,0
300279,,,,,,
300280,,,,,,
300281,,2,3,0,0,0
300282,,2,2,3,0,3
300283,,2,2,0,0,2
300284,,2,1,0,0,0
300285,,,,,,
300286,,,,,,
300287,,,,,,
300288,,3,0,0,0,3
300289,,2,0,1,0,0
300290,,,,,,
300291,,2,0,0,0,0
300292,,,,,,
300293,,2,0,0,0,0
300294,,,,,,
300295,,,,,,
300296,,3,0,1,0,0
300297,,3,0,1,0,4
300298,,,,,,
300299,,2,0,1,0,1
300300,,2,0,0,0,0
300301,,,,,,
300302,,,,,,
300303,,,,,,
300304,1,2,3,0,0,7
300305,,,,,,
300306,,2,4,0,0,2
300307,,2,0,0,0,8
300308,,2,0,1,0,2
300309,,3,1,0,0,2
300310,,2,0,0,0,0
300311,,2,0,0,0,0
300312,,1,0,0,0,0
300313,,2,1,0,0,1
300314,,2,2,0,1,0
300315,1,2,4,0,0,0
300316,,2,2,0,0,1
300317,,4,2,0,0,15
300318,,3,1,2,0,20
300319,,1,,,,
300320,,2,0,0,0,0
300321,,2,0,0,0,0
300322,,2,0,0,0,1
300323,,2,1,1,0,0
300324,,2,2,,,
300325,,2,0,1,2,0
300326,,3,0,0,0,1
300327,,4,0,0,0,1
300328,,,,,,
300329,,2,1,0,0,0
300330,,2,3,0,0,6
300331,,2,0,0,0,4
300332,,2,0,1,0,0
300333,,2,0,0,0,3
300334,,2,0,0,0,0
300335,,2,0,0,3,2
300336,,,,,,
300337,,3,2,0,0,0
300338,,2,1,0,1,0
300339,,2,5,0,0,0
300340,,,,,,
300341,,,,,,
300342,,1,0,0,0,0
300343,,1,0,0,0,0
300344,,3,1,1,0,0
300345,,3,0,0,0,0
300346,,,,,,
300347,,2,0,0,0,1
300348,,,,,,
300349,,2,0,1,0,1
300350,,,,,,
300351,,3,2,0,0,0
300352,,2,0,1,0,1
300353,,,,,,
300354,,2,2,0,0,0
300355,,4,0,0,0,0
300356,,2,0,0,0,0
300357,,2,0,0,0,3
300358,,2,0,0,0,1
300359,1,2,0,0,0,1
300360,,2,0,0,0,0
300361,,2,2,1,0,2
300362,,,,,,
300363,,2,0,0,0,0
300364,,2,0,1,0,12
300365,,2,0,0,0,0
300366,,2,0,2,0,2
300367,,2,0,0,0,0
300368,,,,,,
300369,,1,2,0,0,0
300370,,2,0,0,0,0
300371,,,,,,
300372,,,,,,
300373,,,,,,
300374,1,2,0,0,0,6
300375,,2,0,0,0,0
300376,,3,0,1,0,1
300377,,2,0,0,0,0
300378,,2,0,0,0,1
300379,,,,,,
300380,1,2,2,1,2,1
300381,,,,,,
300382,,2,0,0,0,0
300383,,2,0,0,0,0
300384,,,,,,
300385,,2,0,0,0,0
300386,,2,2,0,0,2
300387,,3,0,0,0,10
300388,,,,,,
300389,,,,,,
300390,,2,0,1,0,1
300391,,2,0,1,0,0
300392,,,,,,
300393,,3,0,0,0,0
300394,,2,0,0,0,6
300395,,2,1,0,2,5
300396,,3,1,0,0,1
300397,,2,2,1,0,0
300398,,1,0,1,5,3
300399,,,,,,
300400,,,,,,
300401,,2,1,0,0,1
300402,,2,1,0,0,2
300403,,3,0,0,0,2
300404,,4,0,0,0,3
300405,,5,1,0,0,0
300406,,1,0,0,0,10
300407,2,1,0,1,0,1
300408,,3,0,0,0,1
300409,,2,0,1,0,0
300410,,2,0,0,0,1
300411,,,,,,
300412,,4,1,2,0,1
300413,,,,,,
300414,2,2,2,0,0,1
300415,,,,,,
300416,,,,,,
300417,,,,,,
300418,,3,3,0,0,1
300419,,,,,,
300420,,2,0,0,0,0
300421,,2,0,0,0,0
300422,,2,0,0,0,5
300423,,2,0,1,0,1
300424,,2,2,0,0,2
300425,,2,0,1,1,5
300426,,,,,,
300427,,2,2,0,0,1
300428,,2,2,0,0,3
300429,,4,0,0,0,2
300430,,,,,,
300431,,,,,,
300432,,,,,,
300433,,,,,,
300434,,1,0,0,0,2
300435,,,,,,
300436,,2,0,0,0,2
300437,,,,,,
300438,,2,2,0,0,1
300439,,2,1,0,0,1
300440,,2,1,0,0,0
300441,,3,1,0,0,30
300442,,1,0,0,0,0
300443,,,,,,
300444,,3,0,0,0,2
300445,,2,2,0,0,0
300446,,2,1,0,0,0
300447,,,,,,
300448,,1,0,0,0,0
300449,,,,,,
300450,,2,0,2,0,0
300451,,2,0,0,0,0
300452,,,,,,
300453,,,,,,
300454,,2,2,0,0,1
300455,,2,2,0,0,0
300456,,2,2,0,0,10
300457,,,,,,
300458,,,,,,
300459,,5,2,1,0,0
300460,,,,,,
300461,,,,,,
300462,,1,0,0,0,0
300463,,5,2,0,0,0
300464,,4,1,0,0,0
300465,,2,5,0,0,0
300466,,,,,,
300467,,,,,,
300468,,,,,,
300469,,4,0,0,0,0
300470,,3,0,0,0,0
300471,,2,0,0,0,0
300472,,,,,,
300473,,,,,,
300474,,,,,,
300475,,2,0,1,0,0
300476,,2,1,0,0,0
300477,,,,,,
300478,,2,2,0,0,0
300479,,2,0,0,0,0
300480,,1,0,1,0,1
300481,,,,,,
300482,,,,,,
300483,,1,0,0,0,0
300484,,2,0,1,1,4
300485,,3,0,0,0,0
300486,,3,0,0,0,0
300487,,,,,,
300488,1,1,0,1,0,2
300489,,1,0,0,0,5
300490,,1,0,2,0,0
300491,,2,0,0,0,1
300492,,1,1,2,0,1
300493,,2,1,0,0,2
300494,,4,0,0,0,1
300495,,2,0,0,0,0
300496,,3,0,0,0,1
300497,,,,,,
300498,,,,,,
300499,,2,0,0,1,0
300500,,,,,,
300501,,,,,,
300502,1,2,0,0,0,2
300503,,,,,,
300504,,3,1,2,0,0
300505,,1,0,0,0,0
300506,,2,0,1,0,1
300507,,2,1,0,0,0
300508,,3,1,1,0,0
300509,,2,3,1,0,1
300510,,2,1,0,0,2
300511,,2,1,0,0,1
300512,,1,0,0,0,0
300513,,3,0,0,0,0
300514,,1,0,0,0,0
300515,,,,,,
300516,,2,0,0,0,0
300517,,2,0,0,0,0
300518,,,,,,
300519,,2,0,1,0,1
300520,,2,0,0,0,1
300521,,2,1,1,0,0
300522,,3,1,0,1,1
300523,,2,2,1,0,0
300524,,1,0,0,0,5
300525,,2,0,0,0,0
300526,,2,0,0,0,0
300527,,2,0,0,0,0
300528,,4,0,1,0,1
300529,,2,0,0,0,0
300530,,2,1,1,0,0
300531,,,,,,
300532,,2,2,0,0,0
300533,,,,,,
300534,,1,0,0,0,0
300535,,2,0,0,0,0
300536,,,,,,
300537,,2,0,1,0,1
300538,,3,1,0,1,1
300539,1,1,0,0,0,10
300540,,2,0,0,0,0
300541,,2,1,0,1,1
300542,,2,0,0,0,1
300543,,,,,,
300544,,1,0,0,0,0
300545,,,,,,
300546,,2,0,0,1,1
300547,,3,2,0,0,0
300548,,,,,,
300549,,1,4,0,0,0
300550,,2,0,0,0,4
300551,,2,2,1,0,0
300552,,,,,,
300553,,,,,,
300554,,,,,,
300555,,,,,,
300556,,3,1,0,0,0
300557,,1,0,0,0,1
300558,,2,0,0,0,0
300559,1,2,0,2,0,1
300560,,2,0,0,0,0
300561,,4,0,1,0,2
300562,,1,0,0,0,0
300563,,,,,,
300564,,6,1,0,0,0
300565,,,,,,
300566,,2,0,0,0,0
300567,,,,,,
300568,,,,,,
300569,,,,,,
300570,,,,,,
300571,,,,,,
300572,,1,0,0,0,0
300573,,2,0,0,0,0
300574,,,,,,
300575,,4,1,0,0,2
300576,,3,0,0,0,0
300577,,2,0,0,0,0
300578,,2,0,0,0,0
300579,,1,0,0,0,0
300580,,1,0,0,0,2
300581,,2,0,0,0,0
300582,,,,,,
300583,,2,1,0,0,3
300584,,4,1,0,0,0
300585,,1,2,0,0,0
300586,,3,1,0,0,1
300587,,1,0,0,0,0
300588,,,,,,
300589,,1,0,0,0,2
300590,,1,0,0,0,0
300591,,,,,,
300592,,2,0,1,0,1
300593,,1,0,0,0,0
300594,,1,0,0,0,0
300595,,1,0,0,0,0
300596,,3,0,0,0,2
300597,,3,1,1,2,2
300598,,2,3,1,0,0
300599,,2,2,0,1,1
300600,,1,0,0,0,0
300601,,4,1,0,0,0
300602,,3,1,0,0,0
300603,,1,0,0,0,0
300604,,,,,,
300605,,1,0,1,0,2
300606,,2,1,0,0,0
300607,,4,1,0,0,0
300608,,,,,,
300609,,,,,,
300610,,2,0,0,0,0
300611,,3,0,0,0,1
300612,,3,0,0,0,0
300613,1,2,1,1,0,1
300614,,2,2,0,0,0
300615,,4,0,0,0,0
300616,,,,,,
300617,,,,,,
300618,,2,0,0,0,3
300619,,2,0,0,0,10
300620,,2,0,0,0,0
300621,,2,2,1,0,2
300622,,,,,,
300623,,,,,,
300624,,2,2,0,0,0
300625,,,,,,
300626,,2,0,0,0,0
300627,,,,,,
300628,,2,0,0,0,1
300629,,,,,,
300630,,1,0,0,0,0
300631,,,,,,
300632,,2,3,0,0,0
300633,,,,,,
300634,,2,0,0,0,0
300635,,2,0,1,0,1
300636,,4,1,1,0,2
300637,,5,0,0,0,8
300638,,2,0,0,0,0
300639,,2,0,1,0,1
300640,,2,0,0,0,0
300641,,2,0,0,0,1
300642,,2,0,0,0,0
300643,,,,,,
300644,,2,0,0,20,10
300645,,3,0,0,0,0
300646,,2,2,1,0,0
300647,,,,,,
300648,,1,0,0,0,0
300649,,,,,,
300650,,4,0,0,0,0
300651,,1,0,0,0,0
300652,,2,1,0,0,0
300653,,2,1,1,0,0
300654,,,,,,
300655,,,,,,
300656,,,,,,
300657,,4,0,0,0,6
300658,,3,3,1,0,7
300659,,1,0,0,0,0
300660,,2,0,0,0,0
300661,,2,0,0,0,0
300662,,2,0,0,0,0
300663,,,,,,
300664,,1,0,3,0,3
300665,,,,,,
300666,,2,1,0,0,0
300667,,2,2,0,0,0
300668,,1,0,0,0,5
300669,,,,,,
300670,,1,0,0,0,1
300671,,,,,,
300672,,2,0,2,0,0
300673,,,,,,
300674,,2,0,1,0,1
300675,,2,0,0,0,0
300676,,,,,,
300677,,,,,,
300678,,,,,,
300679,,,,,,
300680,,,,,,
300681,,1,0,0,0,2
300682,,2,0,,,0
300683,,,,,,
300684,,2,2,1,4,3
300685,,2,2,0,0,0
300686,,,,,,
300687,,2,0,1,0,0
300688,,1,0,0,0,1
300689,,1,0,1,0,12
300690,,2,0,0,0,0
300691,,2,0,0,0,6
300692,,3,1,2,0,2
300693,,1,0,0,0,0
300694,,2,0,0,0,0
300695,,2,0,1,0,1
300696,,2,2,0,1,2
300697,,,,,,
300698,,3,0,0,0,0
300699,,2,0,1,0,0
300700,,2,0,0,0,0
300701,1,2,0,1,0,0
300702,,3,0,0,0,0
300703,,2,3,1,0,8
300704,,,,,,
300705,,2,1,0,0,0
300706,,,,,,
300707,,1,0,0,0,5
300708,,3,1,0,0,3
300709,,1,0,0,0,0
300710,,1,0,0,0,0
300711,,1,0,0,0,0
300712,,,,,,
300713,,2,2,1,0,2
300714,,2,3,0,0,2
300715,,2,4,0,0,2
300716,,2,3,0,0,0
300717,,,,,,
300718,,,,,,
300719,,,,,,
300720,,,,,,
300721,,,,,,
300722,,,,,,
300723,,,,,,
300724,,3,2,1,1,0
300725,,2,2,1,0,0
300726,,,,,,
300727,,3,0,2,0,15
300728,,2,0,1,0,0
300729,,1,0,0,0,10
300730,,2,0,1,0,12
300731,,2,0,0,0,0
300732,,2,0,0,0,5
300733,,,,,,
300734,,2,0,2,1,20
300735,,2,0,0,0,0
300736,,2,0,1,0,10
300737,,3,0,0,0,0
300738,,,,,,
300739,,1,0,0,0,0
300740,,2,1,0,0,0
300741,,2,2,0,0,0
300742,,,,,,
300743,,3,0,0,0,0
300744,,2,0,0,0,3
300745,,1,0,0,0,0
300746,,1,0,1,0,1
300747,,1,0,0,0,0
300748,,2,2,0,0,0
300749,,3,1,1,0,0
300750,,1,0,0,0,3
300751,,2,1,0,0,0
300752,,,,,,
300753,2,2,0,0,0,3
300754,,,,,,
300755,,1,0,0,0,0
300756,,2,0,0,0,0
300757,,1,0,0,0,2
300758,,2,0,0,0,2
300759,,1,0,0,0,3
300760,,1,1,0,0,1
300761,,2,1,0,0,0
300762,,2,0,1,1,0
300763,,,,,,
300764,,2,1,1,4,2
300765,,1,0,0,0,0
300766,,2,0,0,0,1
300767,,,,,,
300768,1,2,0,1,0,0
300769,,2,0,0,0,1
300770,,5,0,0,0,0
300771,,2,2,1,0,0
300772,,2,2,0,0,0
300773,,3,0,0,0,1
300774,,,,,,
300775,,2,0,1,0,0
300776,,2,0,0,0,0
300777,,2,0,0,0,6
300778,1,2,0,1,0,0
300779,,4,0,1,4,1
300780,,2,0,0,0,0
300781,,,,,,
300782,,4,1,0,0,0
300783,,2,0,0,0,3
300784,,2,0,0,0,0
300785,,1,0,0,0,0
300786,,,,,,
300787,,2,0,0,0,1
300788,,,,,,
300789,,2,0,1,0,0
300790,,3,0,1,0,1
300791,,,,,,
300792,,2,0,0,0,0
300793,,3,0,0,0,0
300794,,3,0,0,0,0
300795,1,2,2,1,0,1
300796,,3,1,0,0,0
300797,,2,2,0,0,0
300798,,1,0,0,0,0
300799,,2,0,0,0,0
300800,,2,0,0,0,0
300801,,2,0,1,0,0
300802,,2,0,1,0,0
300803,,1,0,1,0,0
300804,,2,0,0,0,0
300805,,2,1,0,0,0
300806,,1,0,0,0,0
300807,,2,2,0,0,0
300808,,2,2,0,0,0
300809,,2,0,0,0,5
300810,,1,0,0,0,0
300811,,,,,,
300812,,1,0,0,0,0
300813,,1,0,0,0,0
300814,,,,,,
300815,,2,0,0,0,0
300816,,2,0,1,0,0
300817,,,,,,
300818,,,,,,
300819,,3,0,0,1,0
300820,,2,3,0,0,0
300821,,1,0,0,0,0
300822,,4,1,1,0,2
300823,,2,0,0,2,2
300824,,2,2,0,0,0
300825,,,,,,
300826,,2,0,0,0,0
300827,,2,0,0,0,0
300828,,,,,,
300829,,2,0,0,0,0
300830,,2,2,0,0,1
300831,,,,,,
300832,,2,0,0,0,0
300833,,2,0,0,5,3
300834,,1,2,0,0,0
300835,,2,0,0,0,0
300836,,2,3,0,0,0
300837,,2,0,1,0,3
300838,,,,,,
300839,,2,0,0,0,0
300840,,,,,,
300841,,2,0,1,0,1
300842,,2,0,0,0,5
300843,,3,0,1,0,1
300844,,4,0,0,0,0
300845,,1,0,0,5,0
300846,,4,0,0,0,0
300847,,,,,,
300848,,6,0,0,0,0
300849,,3,0,0,0,0
300850,,,,,,
300851,,1,0,0,0,0
300852,,,,,,
300853,,1,0,0,0,2
300854,,,,,,
300855,,2,0,0,0,1
300856,,,,,,
300857,,2,2,1,0,0
300858,,3,0,1,0,0
300859,,3,0,0,0,1
300860,,4,0,1,0,2
300861,,,,,,
300862,,2,2,1,0,1
300863,,,,,,
300864,,2,0,3,1,15
300865,,4,1,0,0,3
300866,,2,1,1,0,2
300867,,2,0,0,0,3
300868,,,,,,
300869,,,,,,
300870,,,,,,
300871,,1,0,2,4,0
300872,,2,99,1,0,0
300873,,,,,,
300874,,2,0,0,0,0
300875,,2,0,0,0,0
300876,,1,0,0,0,1
300877,,1,0,0,0,0
300878,,1,0,0,0,0
300879,,,,,,
300880,,2,0,0,0,0
300881,,3,0,0,2,1
300882,,2,0,0,0,0
300883,,2,0,1,1,5
300884,,1,0,0,1,1
300885,,,,,,
300886,,,,,,
300887,,3,1,1,0,0
300888,,4,0,0,0,2
300889,,,,,,
300890,,2,4,0,0,2
300891,,,,,,
300892,,2,2,0,0,0
300893,,2,1,0,0,0
300894,,2,0,0,1,2
300895,,1,0,0,0,0
300896,,2,0,0,0,0
300897,,2,0,0,0,0
300898,,1,0,0,0,0
300899,,,,,,
300900,,,,,,
300901,,3,0,1,3,1
300902,,2,0,2,0,0
300903,,2,1,0,0,0
300904,,2,3,1,0,0
300905,2,2,3,0,0,1
300906,,2,2,0,0,0
300907,,4,0,0,0,4
300908,,3,1,0,0,2
300909,,,,,,
300910,,,,,,
300911,,,,,,
300912,,2,0,0,1,0
300913,,3,0,0,0,0
300914,,,,,,
300915,,,,,,
300916,,,,,,
300917,,4,0,0,0,0
300918,,,,,,
300919,,3,0,0,0,1
300920,,5,1,2,0,0
300921,,2,1,0,0,0
300922,,,,,,
300923,,1,2,0,0,0
300924,,3,0,0,0,0
300925,,2,1,0,0,0
300926,,,,,,
300927,,2,1,0,0,0
300928,,2,0,0,0,0
300929,,2,0,0,0,0
300930,,2,0,0,0,0
300931,,1,0,0,0,0
300932,,2,0,2,0,1
300933,,2,0,0,0,0
300934,,2,0,0,0,0
300935,,2,0,0,0,1
300936,,3,0,0,0,2
300937,,2,1,0,0,0
300938,,1,0,0,0,0
300939,,,,,,
300940,,2,2,1,0,3
300941,,2,2,0,0,0
300942,,,,,,
300943,1,2,0,1,0,0
300944,,,,,,
300945,1,5,0,0,0,0
300946,,1,0,0,0,0
300947,,2,0,0,0,0
300948,,,,,,
300949,,2,1,1,1,3
300950,,2,1,0,0,0
300951,,,,,,
300952,,2,2,0,0,0
300953,,2,3,0,6,0
300954,,2,0,0,0,0
300955,,2,0,0,0,1
300956,,,,,,
300957,,2,0,0,0,2
300958,,2,0,0,0,0
300959,,4,0,0,0,0
300960,,2,0,0,0,2
300961,,2,2,1,0,2
300962,,,,,,
300963,,1,0,0,0,1
300964,,,,,,
300965,,4,0,1,0,0
300966,,,,,,
300967,,2,0,0,0,0
300968,,,,,,
300969,,2,0,0,0,0
300970,,2,0,0,0,6
300971,,,,,,
300972,,1,3,0,1,0
300973,,2,0,0,0,2
300974,,,,,,
300975,,2,2,1,0,0
300976,1,4,0,0,0,2
300977,,2,1,0,0,22
300978,,,,,,
300979,,1,0,0,0,0
300980,1,1,0,0,0,1
300981,,1,0,0,0,0
300982,,2,2,1,7,2
300983,,2,0,1,0,0
300984,,,,,,
300985,,2,0,0,0,0
300986,,,,,,
300987,,,,,,
300988,,2,0,0,0,0
300989,,,,,,
300990,,2,0,0,0,0
300991,,2,0,2,0,0
300992,,2,0,0,0,2
300993,,1,0,,,
300994,,3,0,0,0,0
300995,,3,0,0,0,0
300996,,2,2,0,0,0
300997,,2,1,0,0,0
300998,,4,1,0,0,0
300999,,2,0,0,0,0
301000,,2,2,0,0,1
301001,,3,1,1,0,0
301002,,1,0,0,0,0
301003,,,,,,
301004,,2,0,2,0,0
301005,,2,0,0,0,0
301006,,,,,,
301007,,2,5,0,0,0
301008,,2,2,0,2,0
301009,,4,2,0,0,0
301010,,,,,,
301011,,,,,,
301012,,2,0,0,0,0
301013,,2,0,1,0,0
301014,,1,0,0,0,0
301015,,2,0,0,0,0
301016,,2,0,0,0,3
301017,,2,0,1,0,0
301018,,,,,,
301019,,2,1,0,0,0
301020,,,,,,
301021,,2,0,0,0,3
301022,,3,0,1,0,0
301023,,2,1,1,0,3
301024,,2,0,0,0,0
301025,,2,0,1,0,1
301026,,1,0,2,0,0
301027,,2,2,0,0,1
301028,,2,1,0,0,1
301029,,,,,,
301030,,,,,,
301031,,1,0,0,0,0
301032,,3,2,0,0,1
301033,,,,,,
301034,,1,0,0,0,1
301035,,,,,,
301036,,,,,,
301037,,2,0,0,0,0
301038,,2,0,1,0,0
301039,,2,0,1,0,0
301040,,2,0,1,0,0
301041,,2,0,1,0,0
301042,,2,0,1,0,0
301043,,2,0,0,1,1
301044,,,,,,
301045,,2,3,1,3,4
301046,,1,0,0,0,2
301047,,1,0,0,0,0
301048,,,,,,
301049,,2,0,0,0,2
301050,,,,,,
301051,,1,0,0,0,0
301052,,,,,,
301053,,2,0,0,0,0
301054,,2,0,1,0,0
301055,,2,2,1,0,0
301056,,1,1,0,0,0
301057,,,,,,
301058,,,,,,
301059,,2,0,0,0,0
301060,,,,,,
301061,,,,,,
301062,,2,0,0,0,0
301063,,2,0,0,0,0
301064,,2,0,0,0,0
301065,,2,0,0,0,4
301066,,,,,,
301067,,3,1,0,0,4
301068,,2,0,0,0,0
301069,,2,3,0,0,1
301070,,2,2,0,0,2
301071,,,,,,
301072,,1,0,1,0,2
301073,,,,,,
301074,,2,2,0,2,0
301075,,,,,,
301076,,,,,,
301077,,2,0,0,0,1
301078,,,,,,
301079,,4,0,0,0,1
301080,,3,2,0,0,0
301081,,4,0,1,0,0
301082,,,,,,
301083,1,2,0,2,0,1
301084,,2,0,0,0,0
301085,,,,,,
301086,,3,0,0,0,1
301087,,2,2,1,0,0
301088,,7,0,0,0,0
301089,,,,,,
301090,,,,,,
301091,,,,,,
301092,,1,0,0,0,0
301093,,,,,,
301094,,,,,,
301095,,2,0,0,0,0
301096,,1,0,0,0,1
301097,,4,0,0,0,1
301098,,2,0,0,0,0
301099,,2,2,0,0,2
301100,,2,1,1,0,1
301101,,2,0,0,0,1
301102,,2,0,0,0,2
301103,,2,0,0,0,0
301104,,1,0,0,0,1
301105,,,,,,
301106,,2,1,0,0,0
301107,,,,,,
301108,,,,,,
301109,,,,,,
301110,,2,0,0,0,0
301111,,3,0,0,0,6
301112,,,,,,
301113,,2,0,0,0,0
301114,,,,,,
301115,,,,,,
301116,,3,0,1,0,0
301117,,2,0,0,0,2
301118,,2,4,0,0,0
301119,,2,0,0,0,3
301120,,1,0,0,0,3
301121,,,,,,
301122,,4,1,0,0,0
301123,,1,0,0,0,0
301124,,2,0,0,0,0
301125,,1,0,0,0,0
301126,3,2,0,0,0,4
301127,,1,0,0,0,0
301128,,4,3,0,0,1
301129,,3,1,0,0,0
301130,,,,,,
301131,,2,2,0,0,0
301132,,2,0,0,0,0
301133,1,2,0,1,5,5
301134,,2,1,0,0,0
301135,,,,,,
301136,,3,1,0,0,0
301137,,,,,,
301138,,,,,,
301139,,4,1,1,0,5
301140,,1,0,0,0,0
301141,,2,0,0,0,0
301142,,1,0,0,0,0
301143,,1,0,1,0,0
301144,,,,,,
301145,,,,,,
301146,,2,0,1,0,1
301147,4,3,0,1,0,7
301148,,3,1,0,0,0
301149,,4,0,1,0,0
301150,,2,0,0,0,0
301151,,,,,,
301152,,1,0,0,0,1
301153,,2,0,0,0,0
301154,,2,1,0,0,1
301155,,3,1,2,0,0
301156,,2,2,0,1,0
301157,,2,0,0,0,0
301158,,3,0,0,0,0
301159,,2,0,0,0,0
301160,,2,0,0,0,0
301161,,2,0,0,0,0
301162,,3,0,0,0,0
301163,,2,2,1,0,0
301164,,2,2,0,0,1
301165,,2,0,0,0,0
301166,,3,0,1,0,0
301167,,1,0,1,0,6
301168,,1,0,0,0,0
301169,1,3,0,0,2,3
301170,,3,1,1,0,0
301171,,2,0,0,0,0
301172,,2,2,1,0,2
301173,,,,,,
301174,,2,3,1,0,1
301175,,4,0,0,0,2
301176,,,,,,
301177,,2,0,2,0,0
301178,,2,0,0,0,1
301179,,,,,,
301180,,,,,,
301181,,1,1,0,0,1
301182,,2,2,0,0,0
301183,,2,0,0,0,1
301184,,,,,,
301185,,1,0,0,0,0
301186,,2,0,0,0,2
301187,,,,,,
301188,,,,,,
301189,,,,,,
301190,,2,0,2,1,0
301191,,2,1,0,0,1
301192,,2,0,1,0,0
301193,,,,,,
301194,,,,,,
301195,,1,0,0,0,0
301196,,2,0,0,0,0
301197,,2,0,0,0,0
301198,,,,,,
301199,,2,2,0,0,0
301200,,1,0,0,1,1
301201,1,3,0,0,0,0
301202,,1,0,0,0,0
301203,,2,0,0,0,1
301204,,2,0,0,0,2
301205,,2,0,0,0,6
301206,,,,,,
301207,,1,0,0,0,0
301208,,,,,,
301209,,2,0,0,0,1
301210,,2,1,0,0,1
301211,,3,0,1,0,0
301212,,2,1,11,0,0
301213,,1,0,0,0,0
301214,,1,1,0,0,0
301215,,3,1,1,0,0
301216,,,,,,
301217,,2,0,1,0,1
301218,1,3,0,0,0,1
301219,,1,0,0,0,1
301220,,2,0,1,0,3
301221,,2,0,2,0,8
301222,,1,0,0,0,0
301223,,,,,,
301224,,2,2,0,0,1
301225,,,,,,
301226,,,,,,
301227,,1,0,0,0,0
301228,,,,,,
301229,,2,0,0,0,3
301230,,2,9,0,0,0
301231,,2,0,0,0,3
301232,,3,1,0,0,0
301233,,,,,,
301234,,2,2,0,1,1
301235,,,,,,
301236,,,,,,
301237,,,,,,
301238,,,,,,
301239,,2,0,1,0,0
301240,,2,0,0,0,2
301241,,,,,,
301242,,2,0,0,0,0
301243,,3,0,0,0,0
301244,,,,,,
301245,,2,0,1,0,0
301246,,,,,,
301247,,2,0,0,0,3
301248,,2,0,0,0,0
301249,,2,0,0,0,1
301250,,2,0,0,0,1
301251,,2,0,0,0,3
301252,,4,1,0,0,0
301253,,4,0,0,0,0
301254,,,,,,
301255,1,2,2,0,0,0
301256,,,,,,
301257,,1,0,0,0,0
301258,,1,0,0,0,2
301259,,2,0,0,0,0
301260,,,,,,
301261,,2,0,2,0,1
301262,,1,2,1,0,0
301263,2,2,2,0,0,0
301264,,,,,,
301265,,,,,,
301266,,,,,,
301267,,1,0,0,0,5
301268,,,,,,
301269,,,,,,
301270,,2,0,0,0,0
301271,,2,2,0,0,2
301272,,1,0,0,0,0
301273,,1,0,0,0,0
301274,,2,1,0,0,0
301275,,,,,,
301276,,3,1,0,0,0
301277,,1,0,0,0,1
301278,,2,0,0,0,1
301279,,,,,,
301280,1,4,0,0,0,3
301281,,3,0,1,0,2
301282,,2,1,1,15,0
301283,,,,,,
301284,,2,3,1,0,0
301285,,,,,,
301286,,2,1,1,0,2
301287,,2,0,0,0,5
301288,,2,0,0,0,0
301289,,,,,,
301290,,2,0,1,0,0
301291,,,,,,
301292,,1,0,0,0,2
301293,,2,2,0,0,1
301294,,2,2,0,1,2
301295,,,,,,
301296,,3,1,0,0,0
301297,,2,0,1,0,0
301298,,2,0,0,0,0
301299,,3,1,1,0,1
301300,,,,,,
301301,,4,0,0,0,0
301302,,,,,,
301303,5,1,3,1,0,0
301304,,3,2,0,0,0
301305,,1,0,0,0,0
301306,,,,,,
301307,,2,0,1,0,5
301308,,1,0,0,0,1
301309,,2,0,0,1,2
301310,,,,,,
301311,,,,,,
301312,,,,,,
301313,,,,,,
301314,,3,0,1,0,0
301315,,,,,,
301316,,,,,,
301317,,1,0,0,0,1
301318,,,,,,
301319,,,,,,
301320,,,,,,
301321,,1,2,0,1,0
301322,,2,4,0,0,0
301323,,,,,,
301324,,2,0,0,0,1
301325,,3,0,0,0,1
301326,,1,0,0,0,2
301327,,1,0,0,0,1
301328,,2,0,0,0,0
301329,,,,,,
301330,,2,0,0,0,0
301331,,,,,,
301332,,,,,,
301333,,2,2,0,2,2
301334,1,1,0,2,0,0
301335,,,,,,
301336,,,,,,
301337,,,,,,
301338,,2,0,1,0,0
301339,,2,0,1,0,12
301340,,2,0,0,0,4
301341,1,2,0,1,0,0
301342,1,3,2,0,0,0
301343,,5,2,1,2,1
301344,,2,0,1,0,1
301345,,2,0,1,0,4
301346,,1,0,0,0,10
301347,1,2,0,0,0,0
301348,,2,1,0,0,1
301349,,,,,,
301350,,1,0,0,0,0
301351,,,,,,
301352,,,,,,
301353,,2,0,0,0,0
301354,,2,0,0,0,0
301355,,1,0,1,3,5
301356,,6,0,0,0,0
301357,,4,1,0,0,0
301358,,3,1,1,0,2
301359,,,,,,
301360,,2,0,0,0,1
301361,,2,0,1,0,1
301362,,2,0,0,0,0
301363,,1,0,3,0,1
301364,,3,0,0,0,0
301365,,2,0,0,0,3
301366,,3,1,0,1,2
301367,,2,1,0,0,1
301368,1,1,1,1,0,0
301369,1,3,1,0,0,3
301370,,1,0,0,0,0
301371,,1,0,0,0,1
301372,1,2,0,0,0,1
301373,,1,0,0,0,3
301374,,2,0,0,0,0
301375,,2,0,0,0,0
301376,,2,0,0,0,0
301377,,,,,,
301378,,1,1,0,0,0
301379,,1,0,0,0,0
301380,,2,0,1,0,1
301381,,,,,,
301382,,1,0,0,1,2
301383,,2,1,1,0,2
301384,,,,,,
301385,,,,,,
301386,,2,0,1,0,10
301387,,2,0,0,0,5
301388,,2,0,0,0,1
301389,,1,0,0,1,1
301390,,2,0,0,0,0
301391,,,,,,
301392,,,,,,
301393,,,,,,
301394,,,,,,
301395,,1,0,0,0,0
301396,,2,0,1,0,0
301397,,1,0,0,0,4
301398,,,,,,
301399,,2,0,0,0,0
301400,,1,0,0,0,0
301401,,,,,,
301402,,2,0,1,0,2
301403,,3,2,1,0,0
301404,,2,2,0,0,4
301405,,2,3,1,0,0
301406,,2,3,0,0,1
301407,,1,0,0,0,1
301408,,,,,,
301409,,1,0,0,0,0
301410,,2,0,0,0,0
301411,,2,0,1,0,0
301412,,3,0,0,10,5
301413,,2,2,0,0,0
301414,,1,0,1,0,0
301415,,,,,,
301416,,1,0,0,0,0
301417,,3,0,2,0,0
301418,,2,0,0,0,0
301419,,1,0,0,0,0
301420,,2,0,0,0,0
301421,,2,0,0,0,0
301422,,2,0,0,0,6
301423,,2,0,1,0,0
301424,,2,2,0,0,0
301425,,,,,,
301426,,,,,,
301427,2,2,0,0,0,0
301428,,2,0,0,0,4
301429,,2,3,0,0,1
301430,,,,,,
301431,,3,0,0,0,1
301432,,1,0,0,0,0
301433,,,,,,
301434,,2,0,1,0,0
301435,,2,0,0,0,4
301436,,2,1,1,0,1
301437,,5,0,0,0,2
301438,,1,0,2,0,0
301439,,1,0,1,0,0
301440,,,,,,
301441,,5,0,0,0,0
301442,,,,,,
301443,1,3,1,0,1,1
301444,,3,1,0,0,0
301445,,1,0,0,0,14
301446,,2,0,0,0,20
301447,,,,,,
301448,,,,,,
301449,,,,,,
301450,,,,,,
301451,,2,0,0,0,0
301452,,,,,,
301453,,2,0,0,0,0
301454,,2,1,0,0,0
301455,,1,0,0,0,0
301456,,4,0,0,0,0
301457,,,,,,
301458,,2,3,0,0,2
301459,,,,,,
301460,,,,,,
301461,,2,2,0,0,0
301462,,1,0,0,0,0
301463,,1,0,0,0,0
301464,,2,0,0,0,0
301465,,,,,,
301466,,,,,,
301467,,2,3,0,0,0
301468,,2,1,1,0,2
301469,,,,,,
301470,,4,0,0,0,0
301471,,3,2,0,0,0
301472,,1,0,0,0,0
301473,,,,,,
301474,,2,0,0,0,0
301475,,2,0,0,1,0
301476,,,,,,
301477,,,,,,
301478,,3,0,1,0,1
301479,,2,0,1,0,0
301480,,2,0,0,0,0
301481,,2,0,0,0,0
301482,,2,0,0,0,0
301483,,1,0,0,0,0
301484,,2,0,0,0,0
301485,,2,0,0,0,0
301486,,4,0,0,3,1
301487,,2,,,,
301488,,2,1,0,0,0
301489,,,,,,
301490,,,,,,
301491,,1,0,0,0,1
301492,,2,0,0,0,0
301493,,1,0,1,0,0
301494,,2,0,0,0,0
301495,,2,0,0,0,1
301496,,2,0,0,0,0
301497,,,,,,
301498,,3,0,1,1,17
301499,,,,,,
301500,,,,,,
301501,,3,0,0,0,0
301502,,1,0,1,0,4
301503,,,,,,
301504,,2,0,0,0,0
301505,,3,0,0,0,0
301506,,2,0,1,0,0
301507,,,,,,
301508,,,,,,
301509,,2,0,0,0,0
301510,,,,,,
301511,,,,,,
301512,,2,0,0,0,0
301513,,2,0,0,0,0
301514,,1,0,0,0,0
301515,,4,0,0,0,1
301516,,2,4,1,0,0
301517,,1,0,0,0,0
301518,,,,,,
301519,,,,,,
301520,,2,0,0,0,0
301521,,2,0,0,0,0
301522,,2,0,0,0,0
301523,,,,,,
301524,,,,,,
301525,,2,0,1,0,0
301526,,,,,,
301527,,3,1,0,0,0
301528,,,,,,
301529,,2,0,0,0,2
301530,,2,0,0,0,0
301531,,,,,,
301532,,2,0,0,0,0
301533,,2,0,0,0,0
301534,,3,0,0,0,1
301535,,4,0,1,0,0
301536,,2,0,0,0,0
301537,,,,,,
301538,,1,0,1,1,2
301539,,1,0,0,1,2
301540,,4,0,0,0,2
301541,,,,,,
301542,,2,0,0,0,2
301543,,2,0,1,0,0
301544,,3,1,1,0,0
301545,,4,0,0,0,0
301546,,,,,,
301547,,2,2,0,0,1
301548,,4,0,1,0,0
301549,,,,,,
301550,,,,,,
301551,,1,0,0,0,0
301552,,1,0,0,0,0
301553,,2,0,0,0,0
301554,,2,0,1,0,0
301555,,3,2,2,1,15
301556,,4,0,0,0,0
301557,,2,0,0,0,0
301558,,2,0,1,0,0
301559,,2,0,1,0,0
301560,,2,0,0,0,0
301561,,4,0,0,0,0
301562,,2,3,0,0,0
301563,1,2,2,0,0,0
301564,,2,1,0,0,0
301565,,3,1,0,0,0
301566,,,,,,
301567,,2,0,0,0,0
301568,,1,0,0,0,5
301569,,2,0,2,0,0
301570,,3,0,0,0,2
301571,,4,0,0,0,4
301572,,2,0,0,0,0
301573,,2,0,0,0,1
301574,,4,0,1,0,0
301575,,2,0,1,0,1
301576,,2,0,0,0,0
301577,,2,0,0,0,0
301578,,2,0,1,0,2
301579,,2,4,0,0,0
301580,,,,,,
301581,,3,0,0,1,2
301582,,,,,,
301583,,,,,,
301584,,2,1,0,1,1
301585,,3,0,1,0,0
301586,,3,0,0,0,0
301587,,1,0,0,0,0
301588,,1,0,0,0,0
301589,,2,0,0,0,0
301590,,2,1,0,0,1
301591,,2,0,0,0,0
301592,,,,,,
301593,,,,,,
301594,,1,0,0,0,0
301595,,2,2,2,0,0
301596,,2,0,0,1,1
301597,,,,,,
301598,,,,,,
301599,,,,,,
301600,,2,0,1,1,0
301601,,2,0,1,0,0
301602,,2,0,0,0,0
301603,,,,,,
301604,,1,0,0,0,4
301605,,2,0,0,0,0
301606,1,2,0,0,0,0
301607,,,,,,
301608,,1,0,0,0,0
301609,,1,0,1,0,0
301610,,4,0,0,0,0
301611,,,,,,
301612,,2,2,1,0,0
301613,,,,,,
301614,,3,1,1,0,1
301615,,4,0,0,0,0
301616,,3,0,1,0,0
301617,,,,,,
301618,,2,0,0,0,0
301619,,,,,,
301620,,2,0,0,0,4
301621,,2,0,0,0,0
301622,,1,0,0,0,0
301623,,,,,,
301624,,3,1,0,0,0
301625,,3,1,0,0,20
301626,,4,0,1,0,0
301627,,5,0,1,0,0
301628,,4,0,0,0,5
301629,,1,0,0,0,0
301630,,1,0,0,0,0
301631,,2,0,0,0,0
301632,1,1,0,2,0,40
301633,,,,,,
301634,,3,0,1,0,1
301635,,,,,,
301636,,2,3,0,1,2
301637,,2,2,0,0,0
301638,,2,2,0,0,5
301639,,2,0,0,1,2
301640,,2,0,0,0,12
301641,,,,,,
301642,,,,,,
301643,,,,,,
301644,,2,0,1,0,0
301645,,2,3,0,0,0
301646,,,,,,
301647,,3,2,1,0,0
301648,,2,0,0,0,0
301649,,1,0,0,0,1
301650,,3,0,0,0,0
301651,,2,3,1,0,0
301652,,2,0,1,0,0
301653,,2,0,0,0,1
301654,,,,,,
301655,,2,2,0,0,0
301656,,,,,,
301657,,,,,,
301658,,,,,,
301659,,,,,,
301660,,1,2,1,0,10
301661,,1,0,0,0,0
301662,,1,0,0,0,0
301663,,,,,,
301664,,2,0,1,0,1
301665,,1,0,2,1,1
301666,,,,,,
301667,,,,,,
301668,,2,3,0,0,1
301669,,,,,,
301670,,2,1,0,0,1
301671,2,1,0,2,0,2
301672,,,,,,
301673,,,,,,
301674,,,,,,
301675,,3,0,0,0,0
301676,,2,0,1,0,0
301677,,,,,,
301678,,2,0,0,0,0
301679,,1,0,0,0,0
301680,,3,0,0,0,2
301681,,2,0,0,0,0
301682,,2,2,0,0,0
301683,,2,2,1,1,6
301684,,,,,,
301685,,4,0,0,0,0
301686,,2,0,0,0,0
301687,,1,0,0,0,0
301688,,2,0,1,0,1
301689,,2,0,,,
301690,,2,1,0,0,0
301691,,,,,,
301692,,3,0,1,0,0
301693,,2,2,0,0,0
301694,,,,,,
301695,,,,,,
301696,,4,1,0,0,0
301697,,1,0,0,0,0
301698,2,2,0,0,0,0
301699,,1,0,1,0,0
301700,,2,0,0,0,1
301701,,1,0,0,0,0
301702,,3,0,1,0,0
301703,,2,3,0,0,0
301704,,2,2,0,0,1
301705,,2,1,0,0,0
301706,,4,0,0,0,30
301707,,1,0,0,0,0
301708,,2,0,1,0,0
301709,,1,0,0,0,0
301710,,2,1,1,0,1
301711,,2,0,0,0,0
301712,,,,,,
301713,,2,0,0,0,0
301714,,2,0,0,0,0
301715,,,,,,
301716,,2,0,0,0,2
301717,,2,2,1,1,0
301718,,,,,,
301719,,,,,,
301720,,,,,,
301721,,,,,,
301722,,,,,,
301723,,2,0,0,0,1
301724,,2,0,0,0,0
301725,,2,0,0,0,0
301726,,2,0,2,0,1
301727,,2,0,0,0,1
301728,,1,0,0,0,0
301729,1,1,0,0,0,12
301730,,,,,,
301731,,4,1,0,0,1
301732,1,3,1,0,0,30
301733,,2,0,0,0,0
301734,,1,0,0,0,0
301735,,2,0,0,0,0
301736,,2,0,0,0,0
301737,,1,0,0,1,0
301738,,,,,,
301739,,2,2,1,0,1
301740,,2,1,0,0,1
301741,,1,0,0,0,6
301742,,2,0,0,0,1
301743,,,,,,
301744,,,,,,
301745,2,1,0,1,0,8
301746,,,,,,
301747,,,,,,
301748,,2,1,1,0,1
301749,,,,,,
301750,,5,0,0,0,0
301751,,4,0,1,0,7
301752,,4,1,0,0,0
301753,,10,1,5,0,12
301754,,,,,,
301755,,1,0,0,0,0
301756,1,2,0,1,0,1
301757,1,2,0,0,0,4
301758,,2,0,0,0,3
301759,,2,0,1,0,3
301760,,3,2,0,0,0
301761,,,,,,
301762,,2,0,1,0,3
301763,,,,,,
301764,,,,,,
301765,,1,0,0,0,0
301766,,1,0,0,0,1
301767,,2,0,0,0,6
301768,,2,0,1,0,0
301769,,1,0,0,0,2
301770,,2,3,0,0,0
301771,,2,0,0,0,1
301772,,2,0,1,0,1
301773,,2,0,0,2,0
301774,,2,3,0,0,0
301775,,2,2,0,1,2
301776,,2,2,0,0,1
301777,,,,,,
301778,,1,0,0,0,2
301779,,,,,,
301780,,,,,,
301781,,2,0,0,0,0
301782,,2,0,1,0,0
301783,,2,0,1,0,1
301784,,2,0,0,0,1
301785,,2,0,0,0,1
301786,,1,0,0,0,0
301787,,4,1,0,0,1
301788,,,,,,
301789,,,,,,
301790,,3,0,0,0,0
301791,,,,,,
301792,,1,0,0,0,0
301793,,2,0,0,0,0
301794,,,,,,
301795,,2,0,0,0,0
301796,,,,,,
301797,,,,,,
301798,,5,1,0,0,2
301799,,1,0,0,0,2
301800,,1,0,0,0,0
301801,,,,,,
301802,,,,,,
301803,,2,0,0,0,0
301804,0,1,0,0,0,0
301805,,2,0,1,0,0
301806,,1,0,0,0,2
301807,,2,0,0,0,0
301808,,2,0,0,0,1
301809,,2,0,0,0,0
301810,,2,1,0,0,0
301811,,5,1,0,0,0
301812,,,,,,
301813,,,,,,
301814,,2,0,0,0,0
301815,1,3,0,0,5,5
301816,,,,,,
301817,,2,0,1,0,0
301818,,2,2,0,0,4
301819,,,,,,
301820,2,2,2,1,0,1
301821,,,,,,
301822,,2,0,0,0,30
301823,,,,,,
301824,,3,0,0,0,0
301825,,2,2,0,0,0
301826,,1,3,1,0,16
301827,,2,2,0,0,2
301828,,,,,,
301829,,,,,,
301830,,,,,,
301831,,2,0,0,0,0
301832,,,,,,
301833,,,,,,
301834,,2,0,0,0,0
301835,,,,,,
301836,,,,,,
301837,,,,,,
301838,,3,0,0,0,0
301839,,3,1,2,0,3
301840,,,,,,
301841,,2,0,0,0,0
301842,,,,,,
301843,,2,0,0,0,0
301844,,,,,,
301845,,,,,,
301846,,,,,,
301847,,1,0,0,0,0
301848,,2,0,0,0,0
301849,,1,0,0,0,0
301850,,4,0,1,0,0
301851,,1,2,0,0,0
301852,2,4,0,0,0,0
301853,,2,0,0,0,0
301854,,,,,,
301855,,,,,,
301856,,3,0,0,0,1
301857,,,,,,
301858,,,,,,
301859,,4,0,0,0,1
301860,,3,0,0,0,10
301861,,,,,,
301862,,2,0,0,0,0
301863,,1,0,1,0,1
301864,,2,0,0,0,1
301865,,,,,,
301866,,4,0,3,0,1
301867,,,,,,
301868,,3,0,0,0,0
301869,,2,4,1,0,0
301870,,2,3,0,0,0
301871,,4,4,0,0,0
301872,,,,,,
301873,,,,,,
301874,,,,,,
301875,,2,0,0,0,1
301876,,2,0,0,0,0
301877,,,,,,
301878,,1,0,0,0,0
301879,,4,0,0,0,3
301880,,3,0,1,0,0
301881,,1,0,0,0,0
301882,,1,0,0,0,0
301883,,2,3,0,0,4
301884,,3,1,0,0,1
301885,,,,,,
301886,,2,0,0,0,0
301887,,3,1,1,3,0
301888,,3,2,0,0,1
301889,,4,0,0,0,0
301890,,,,,,
301891,,3,2,1,0,0
301892,1,1,0,0,0,0
301893,,2,0,0,0,0
301894,,2,0,1,0,0
301895,,2,0,0,0,0
301896,,2,0,0,0,0
301897,,2,0,0,0,0
301898,,,,,,
301899,,2,3,0,0,0
301900,,,,,,
301901,,,,,,
301902,,2,0,0,0,0
301903,,2,0,0,0,1
301904,,3,0,0,1,0
301905,,,,,,
301906,,2,2,0,1,1
301907,,6,0,0,0,0
301908,,3,0,0,0,24
301909,,4,0,1,0,4
301910,,4,1,1,0,3
301911,,,,,,
301912,,1,0,0,0,2
301913,,2,0,0,0,0
301914,,1,0,1,2,2
301915,,,,,,
301916,,,,,,
301917,,2,0,0,0,0
301918,,,,,,
301919,,2,2,0,0,2
301920,,,,,,
301921,,,,,,
301922,,,,,,
301923,,1,0,0,0,0
301924,,2,0,0,0,0
301925,,1,2,0,0,0
301926,,1,0,2,0,10
301927,,,,,,
301928,,,,,,
301929,1,2,0,0,0,0
301930,,3,0,0,0,1
301931,,3,0,0,0,0
301932,,,,,,
301933,,3,1,0,0,0
301934,,1,0,0,0,1
301935,,3,1,0,0,3
301936,,1,0,0,0,4
301937,,2,0,0,0,0
301938,,,,,,
301939,,2,0,0,0,0
301940,,,,,,
301941,,,,,,
301942,,2,0,0,0,1
301943,,2,3,1,0,0
301944,,,,,,
301945,,2,3,0,0,1
301946,,2,2,0,0,0
301947,,,,,,
301948,,4,0,1,0,1
301949,,2,0,0,0,1
301950,,2,0,0,0,0
301951,,2,0,1,0,10
301952,,,,,,
301953,,,,,,
301954,,,,,,
301955,,2,0,0,0,3
301956,,,,,,
301957,,2,0,0,0,0
301958,,4,0,0,0,0
301959,,2,3,1,0,3
301960,,3,0,0,0,0
301961,,2,0,0,0,0
301962,,,,,,
301963,,2,0,0,0,0
301964,,2,2,0,0,0
301965,,2,0,0,0,0
301966,,,,,,
301967,,3,0,0,1,0
301968,,2,0,0,0,0
301969,,,,,,
301970,,2,0,0,0,1
301971,,2,0,0,0,0
301972,,2,0,0,0,0
301973,,2,0,1,0,10
301974,,2,0,2,1,1
301975,,2,0,0,0,0
301976,,3,0,1,0,0
301977,1,2,2,0,1,0
301978,,,,,,
301979,,,,,,
301980,,1,0,0,0,0
301981,,,,,,
301982,,2,0,0,50,10
301983,,3,0,2,0,3
301984,,1,0,1,0,0
301985,,3,1,0,0,0
301986,,,,,,
301987,,,,,,
301988,,2,1,0,0,0
301989,,,,,,
301990,,2,0,1,3,2
301991,,,,,,
301992,1,4,0,0,0,0
301993,,1,0,0,0,0
301994,,1,0,0,0,0
301995,,,,,,
301996,,,,,,
301997,,2,0,1,0,0
301998,,,,,,
301999,,1,1,0,0,1
302000,,,,,,
302001,,3,0,0,0,1
302002,,1,0,0,0,1
302003,,1,0,1,0,8
302004,,,,,,
302005,,,,,,
302006,,,,,,
302007,,2,0,0,0,0
302008,,2,0,1,0,0
302009,,2,2,0,0,1
302010,,,,,,
302011,,,,,,
302012,,2,1,0,0,3
302013,,2,0,0,0,1
302014,,2,0,0,0,0
302015,,,,,,
302016,,1,0,0,0,0
302017,,,,,,
302018,,,,,,
302019,,3,0,0,0,0
302020,,1,0,0,0,0
302021,,,,,,
302022,,3,0,1,1,0
302023,,3,1,0,0,0
302024,,2,1,0,0,3
302025,,2,3,0,0,2
302026,,,,,,
302027,,,,,,
302028,,1,0,0,0,5
302029,,3,2,1,0,0
302030,,1,0,0,0,1
302031,,,,,,
302032,,2,0,1,0,2
302033,,,,,,
302034,,4,0,0,0,0
302035,,3,0,1,0,0
302036,,2,0,1,0,0
302037,,,,,,
302038,,,,,,
302039,,1,0,0,0,0
302040,,,,,,
302041,,4,0,0,0,0
302042,,2,2,0,0,1
302043,,2,2,0,0,0
302044,,,,,,
302045,,3,0,0,0,0
302046,,1,0,0,0,0
302047,,2,0,1,0,0
302048,,,,,,
302049,,,,,,
302050,,2,3,1,0,0
302051,,,,,,
302052,,,,,,
302053,,2,0,0,0,0
302054,,,,,,
302055,,3,3,0,0,2
302056,,,,,,
302057,,2,3,0,0,0
302058,,2,5,0,0,0
302059,,2,0,0,0,0
302060,,4,1,0,0,0
302061,,,,,,
302062,,2,0,0,0,2
302063,,2,0,0,0,0
302064,,2,0,0,1,3
302065,,2,0,1,0,3
302066,1,3,1,0,1,0
302067,,2,2,1,0,0
302068,,3,3,0,0,0
302069,,,,,,
302070,,3,1,0,0,1
302071,,1,0,0,0,0
302072,,1,0,1,0,0
302073,,1,0,1,0,0
302074,,2,0,0,0,0
302075,,2,0,0,0,8
302076,,2,0,0,0,0
302077,,3,1,0,0,0
302078,,2,1,0,0,0
302079,,,,,,
302080,,2,2,1,0,0
302081,,1,0,1,0,0
302082,,,,,,
302083,,,,,,
302084,,2,0,0,0,0
302085,,2,0,0,0,0
302086,,3,1,0,0,0
302087,,,,,,
302088,,2,0,0,0,1
302089,,2,3,1,0,0
302090,,2,2,1,0,0
302091,,3,1,1,0,0
302092,,2,0,0,0,10
302093,,,,,,
302094,,,,,,
302095,,1,0,0,0,0
302096,,,,,,
302097,,2,0,0,0,1
302098,,2,0,0,0,0
302099,,1,0,0,0,0
302100,,,,,,
302101,,2,0,0,0,0
302102,,1,1,0,0,0
302103,,2,2,0,0,0
302104,,2,1,1,0,3
302105,,1,0,0,0,0
302106,,2,0,1,0,2
302107,,2,0,0,0,0
302108,,,,,,
302109,1,2,0,0,0,0
302110,,2,0,0,0,0
302111,,2,2,0,0,0
302112,,2,0,0,0,0
302113,,,,,,
302114,,3,1,1,0,1
302115,,3,1,0,0,1
302116,,,,,,
302117,,2,1,1,0,0
302118,,3,0,0,0,0
302119,,,,,,
302120,,2,0,0,0,0
302121,,2,1,0,0,0
302122,,,,,,
302123,,,,,,
302124,,,,,,
302125,,,,,,
302126,,2,0,0,1,1
302127,2,2,2,0,3,1
302128,,2,0,0,0,0
302129,,3,1,0,0,0
302130,,,,,,
302131,,,,,,
302132,,,,,,
302133,,,,,,
302134,,2,0,0,0,0
302135,,1,0,0,0,0
302136,,2,0,0,0,0
302137,,2,0,0,0,0
302138,,2,2,0,0,2
302139,,3,1,0,0,1
302140,,,,,,
302141,,2,0,0,0,1
302142,,3,0,0,0,0
302143,,3,0,0,0,0
302144,,4,3,0,0,3
302145,,2,1,0,0,0
302146,,2,4,0,0,1
302147,,1,0,1,0,1
302148,,2,3,1,0,1
302149,,2,0,0,0,0
302150,,,,,,
302151,,,,,,
302152,,2,0,0,0,0
302153,,2,0,1,0,0
302154,,2,0,1,0,8
302155,,2,0,0,0,1
302156,,3,0,0,0,0
302157,,2,2,0,0,0
302158,,4,1,0,0,0
302159,,1,0,1,0,0
302160,,1,0,0,0,1
302161,,1,0,0,0,0
302162,,2,0,0,0,0
302163,,1,2,0,0,0
302164,,2,2,0,0,0
302165,,,,,,
302166,,,,,,
302167,,4,0,0,0,0
302168,,1,0,1,0,1
302169,,1,0,1,0,0
302170,,2,0,1,0,1
302171,,2,2,1,0,0
302172,,2,0,0,0,3
302173,,1,0,1,0,0
302174,,3,0,1,0,5
302175,,3,0,0,0,0
302176,,,,,,
302177,,,,,,
302178,,2,0,0,0,1
302179,,2,0,0,0,2
302180,,2,0,0,0,0
302181,,2,0,0,0,0
302182,,2,0,0,0,0
302183,,1,0,0,0,0
302184,,,,,,
302185,1,3,0,0,0,0
302186,,,,,,
302187,,2,0,0,0,0
302188,,,,,,
302189,,1,0,0,0,0
302190,,1,0,0,0,0
302191,,2,0,0,0,0
302192,,2,0,,,
302193,,1,0,0,0,1
302194,,2,0,0,0,2
302195,,,,,,
302196,,2,0,0,0,0
302197,,,,,,
302198,,,,,,
302199,,2,0,0,0,0
302200,,2,0,0,0,0
302201,,,,,,
302202,,2,0,0,0,0
302203,,1,0,0,0,0
302204,,,,,,
302205,,2,2,1,0,0
302206,,1,2,0,0,4
302207,,2,0,3,0,9
302208,,3,2,0,1,1
302209,,2,0,0,0,2
302210,,1,0,0,0,0
302211,,2,0,0,0,0
302212,,,,,,
302213,,2,0,0,0,1
302214,,4,0,0,0,1
302215,,2,2,0,1,0
302216,,3,1,1,0,4
302217,,3,1,0,0,0
302218,,3,0,2,0,0
302219,,1,0,0,0,0
302220,,2,0,0,0,3
302221,,,,,,
302222,,3,0,1,0,3
302223,,3,0,1,0,0
302224,,2,0,0,0,0
302225,,,,,,
302226,,,,,,
302227,,,,,,
302228,,5,1,0,0,0
302229,,1,0,0,0,0
302230,,2,0,0,0,0
302231,,2,0,0,0,0
302232,,2,0,3,0,5
302233,,,,,,
302234,,2,0,0,0,0
302235,,2,0,1,0,1
302236,,2,0,0,3,0
302237,,2,0,0,3,6
302238,,,,,,
302239,,,,,,
302240,,,,,,
302241,,,,,,
302242,,1,0,0,0,3
302243,,2,0,0,0,0
302244,,,,,,
302245,,,,,,
302246,,3,0,1,0,2
302247,,,,,,
302248,,2,2,0,0,0
302249,,2,2,0,0,2
302250,,,,,,
302251,,,,,,
302252,,5,0,0,0,0
302253,,1,0,0,0,1
302254,,4,4,0,0,2
302255,,2,0,0,0,7
302256,,,,,,
302257,,2,1,0,0,1
302258,,1,0,0,0,0
302259,,,,,,
302260,1,2,0,1,5,0
302261,,,,,,
302262,,2,3,0,0,3
302263,,1,0,0,0,0
302264,,2,0,1,0,3
302265,,,,,,
302266,,1,0,0,0,0
302267,,3,0,0,0,5
302268,,,,,,
302269,,,,,,
302270,,,,,,
302271,,2,0,0,0,1
302272,,,,,,
302273,,3,0,1,4,0
302274,,4,1,1,1,0
302275,1,2,1,1,0,3
302276,,3,1,0,0,0
302277,,2,2,0,0,0
302278,,2,0,0,0,1
302279,,2,0,0,0,3
302280,,1,0,0,0,0
302281,,5,1,0,0,0
302282,,,,,,
302283,,,,,,
302284,,1,0,0,0,0
302285,,1,0,0,0,0
302286,,2,0,0,0,0
302287,,2,1,0,0,0
302288,,4,2,0,1,0
302289,,2,3,0,0,0
302290,,,,,,
302291,1,2,0,2,0,10
302292,,,,,,
302293,,,,,,
302294,,1,0,0,1,0
302295,,2,0,2,0,1
302296,,2,0,0,0,0
302297,,2,0,0,0,0
302298,,2,0,0,0,0
302299,,1,0,0,0,0
302300,,,,,,
302301,,,,,,
302302,,2,0,0,0,2
302303,,3,0,1,7,1
302304,,3,0,0,0,0
302305,,3,1,0,0,0
302306,,2,2,1,0,12
302307,,2,2,0,0,0
302308,,,,,,
302309,1,2,0,0,0,1
302310,,,,,,
302311,,,,,,
302312,,1,0,0,0,0
302313,,2,0,0,0,0
302314,,2,0,1,0,10
302315,,3,2,1,0,0
302316,,2,0,0,0,0
302317,,2,0,0,0,0
302318,,2,0,0,1,2
302319,1,2,3,0,0,2
302320,,2,2,0,0,1
302321,,2,3,0,0,1
302322,,,,,,
302323,,,,,,
302324,,2,0,0,0,0
302325,,5,2,0,0,0
302326,,2,0,0,0,0
302327,,2,0,1,0,2
302328,,1,0,0,0,0
302329,,2,0,0,0,3
302330,,2,0,0,1,0
302331,,,,,,
302332,,1,2,0,0,1
302333,,2,3,0,0,0
302334,,2,2,0,0,0
302335,,2,0,0,0,0
302336,,1,0,0,0,1
302337,,2,2,0,0,2
302338,,3,0,0,0,3
302339,,3,1,1,0,7
302340,,,,,,
302341,,1,0,0,0,0
302342,,,,,,
302343,,4,0,0,0,0
302344,,1,0,0,0,5
302345,,3,0,2,0,3
302346,,,,,,
302347,,2,1,0,0,0
302348,,,,,,
302349,,1,0,0,0,1
302350,,,,,,
302351,,,,,,
302352,,2,2,0,0,1
302353,,2,2,0,0,1
302354,,2,2,0,1,4
302355,,,,,,
302356,,,,,,
302357,,5,0,0,0,0
302358,,,,,,
302359,,2,0,1,0,0
302360,,2,0,0,0,0
302361,,2,0,1,0,1
302362,,2,0,1,0,2
302363,,2,0,0,0,0
302364,,,,,,
302365,,2,3,1,0,0
302366,,2,4,0,0,0
302367,,2,3,0,0,0
302368,,2,0,0,0,0
302369,,,,,,
302370,,1,0,1,0,8
302371,,2,0,0,0,0
302372,,2,0,0,0,0
302373,,2,0,0,0,0
302374,,2,0,1,0,0
302375,,4,0,1,1,1
302376,,,,,,
302377,,2,2,0,0,0
302378,,,,,,
302379,,2,1,0,0,0
302380,,3,2,0,0,1
302381,,3,0,1,0,0
302382,,3,3,1,0,0
302383,,2,0,0,0,1
302384,,1,0,0,0,1
302385,,2,0,0,0,0
302386,,2,0,0,0,0
302387,,3,1,0,0,1
302388,,,,,,
302389,4,2,0,1,0,10
302390,,,,,,
302391,,,,,,
302392,,3,0,0,0,3
302393,,,,,,
302394,,2,0,0,0,0
302395,,2,0,0,0,1
302396,,2,1,0,0,1
302397,,,,,,
302398,,2,0,0,0,0
302399,,,,,,
302400,,4,0,0,0,0
302401,,,,,,
302402,1,4,3,0,0,0
302403,,1,0,0,1,2
302404,,4,0,0,1,1
302405,,2,2,0,0,0
302406,,3,1,1,0,0
302407,,2,1,1,0,0
302408,,2,0,0,0,0
302409,,3,0,0,0,0
302410,,3,0,0,0,0
302411,,,,,,
302412,,1,0,1,0,1
302413,2,3,2,0,0,1
302414,,4,2,0,0,0
302415,,,,,,
302416,,3,1,0,0,1
302417,,,,,,
302418,,1,0,0,0,0
302419,,1,0,0,0,0
302420,,1,0,0,0,0
302421,,1,0,0,0,1
302422,,2,0,0,0,0
302423,,2,0,0,0,0
302424,,2,0,0,0,1
302425,,2,0,0,1,0
302426,,,,,,
302427,,4,0,0,0,0
302428,,2,0,0,0,1
302429,,2,0,0,1,0
302430,,2,2,1,0,0
302431,,,,,,
302432,,1,0,0,0,0
302433,,1,0,0,0,0
302434,,,,,,
302435,2,2,0,0,0,5
302436,,2,0,1,0,0
302437,,2,0,1,0,0
302438,1,3,0,0,0,0
302439,,4,0,1,0,0
302440,,,,,,
302441,,1,0,0,0,1
302442,,,,,,
302443,,,,,,
302444,,4,0,1,0,2
302445,,3,0,0,0,12
302446,,2,0,0,0,2
302447,,1,0,0,0,1
302448,,2,0,0,0,0
302449,,4,0,0,1,5
302450,,4,1,0,0,0
302451,,3,2,1,0,1
302452,,,,,,
302453,,,,,,
302454,,,,,,
302455,,3,1,1,0,0
302456,,3,0,1,0,1
302457,,2,0,0,0,0
302458,,3,1,0,0,0
302459,,3,0,0,0,0
302460,,2,1,1,0,0
302461,1,1,1,0,0,1
302462,,,,,,
302463,,2,0,0,0,0
302464,,,,,,
302465,,,,,,
302466,,,,,,
302467,,2,0,1,0,0
302468,,2,0,1,0,0
302469,,2,0,0,0,10
302470,,3,0,0,0,5
302471,,2,0,0,0,0
302472,,,,,,
302473,,1,0,0,1,0
302474,,1,2,0,0,0
302475,,,,,,
302476,,2,3,0,0,0
302477,,,,,,
302478,,2,0,0,0,0
302479,,3,1,1,0,0
302480,,1,1,2,0,1
302481,,2,0,2,0,1
302482,,3,0,1,1,0
302483,,3,0,0,0,0
302484,,1,0,0,0,0
302485,,,,,,
302486,,,,,,
302487,,,,,,
302488,,2,0,0,0,0
302489,,4,0,2,0,1
302490,,4,0,0,0,0
302491,,,,,,
302492,,,,,,
302493,,2,2,0,1,0
302494,,2,0,2,0,0
302495,,3,0,0,0,4
302496,,3,0,0,0,0
302497,,,,,,
302498,,2,0,0,0,2
302499,,2,0,0,0,0
302500,,2,0,0,0,0
302501,,2,0,0,0,0
302502,,2,0,0,0,0
302503,,2,1,0,1,0
302504,,2,2,0,0,0
302505,,,,,,
302506,,2,0,0,0,20
302507,,2,0,0,0,1
302508,,,,,,
302509,,2,0,2,0,2
302510,,2,1,0,1,0
302511,,2,2,0,0,0
302512,,2,2,1,0,1
302513,,3,2,0,0,0
302514,,2,0,0,0,0
302515,,,,,,
302516,,,,,,
302517,,2,0,1,0,0
302518,,2,0,0,0,0
302519,,2,0,0,0,0
302520,,1,0,0,0,0
302521,,1,2,0,0,0
302522,,1,0,0,0,2
302523,,2,0,0,0,0
302524,,2,0,1,0,0
302525,,2,0,0,0,0
302526,,1,0,2,0,2
302527,,3,0,0,0,0
302528,,2,2,0,0,0
302529,,3,1,0,0,2
302530,,2,2,1,0,0
302531,,,,,,
302532,,2,0,1,0,5
302533,,5,0,0,0,3
302534,,4,1,0,0,1
302535,,,,,,
302536,,3,1,0,0,50
302537,,,,,,
302538,,2,0,0,0,0
302539,,2,0,0,0,1
302540,,1,0,0,0,0
302541,,4,0,0,0,0
302542,,2,2,0,0,1
302543,,2,2,0,0,0
302544,,2,3,0,0,0
302545,,,,,,
302546,,3,0,0,0,14
302547,,,,,,
302548,,2,0,0,0,0
302549,,1,0,0,0,1
302550,,2,0,0,0,0
302551,,2,0,0,8,0
302552,,3,0,0,0,1
302553,,,,,,
302554,,3,0,0,0,0
302555,,2,2,0,0,0
302556,,2,3,0,0,0
302557,,2,3,0,0,1
302558,1,2,0,0,0,0
302559,,1,0,0,0,4
302560,,2,0,0,0,2
302561,,1,0,0,0,1
302562,,2,0,0,0,0
302563,,2,0,1,0,1
302564,,2,0,0,0,0
302565,,2,0,0,0,1
302566,,2,0,2,0,8
302567,,,,,,
302568,,1,0,0,0,0
302569,,,,,,
302570,,2,0,0,0,1
302571,,2,0,0,0,1
302572,,,,,,
302573,,2,2,0,0,2
302574,,2,1,0,0,0
302575,,2,0,0,0,2
302576,,1,3,0,0,0
302577,,3,1,0,0,0
302578,1,2,0,0,0,0
302579,,1,0,0,0,0
302580,,2,0,0,0,2
302581,,2,0,1,0,0
302582,,3,0,0,0,1
302583,,2,0,0,1,0
302584,,1,0,0,2,0
302585,,,,,,
302586,,2,0,0,0,2
302587,,2,3,0,0,0
302588,,2,1,0,0,0
302589,,,,,,
302590,,,,,,
302591,,2,2,2,0,0
302592,,1,2,0,0,0
302593,,,,,,
302594,,,,,,
302595,,,,,,
302596,,,,,,
302597,,2,0,1,0,10
302598,,2,0,0,0,0
302599,,2,0,0,0,0
302600,,1,0,0,0,1
302601,,1,0,0,0,0
302602,,3,0,0,0,0
302603,,2,2,0,0,0
302604,,2,2,0,0,0
302605,,,,,,
302606,,,,,,
302607,,4,0,0,0,2
302608,,2,0,1,0,0
302609,,2,0,0,0,1
302610,,2,0,0,0,0
302611,2,2,0,0,0,1
302612,,2,0,0,0,2
302613,,2,2,0,0,0
302614,,2,1,0,0,20
302615,,3,2,0,0,10
302616,,3,0,1,0,0
302617,,1,0,0,0,0
302618,1,2,2,0,0,1
302619,,3,2,0,5,5
302620,,1,0,0,0,0
302621,,1,3,0,0,0
302622,,,,,,
302623,,2,0,1,0,10
302624,,1,0,0,1,0
302625,,3,1,1,0,0
302626,,2,0,0,0,0
302627,,2,0,0,0,12
302628,,2,0,0,0,0
302629,,3,0,1,10,0
302630,,,,,,
302631,,,,,,
302632,,2,0,0,0,2
302633,,3,1,0,0,1
302634,,3,3,1,0,0
302635,,1,0,0,0,1
302636,,2,3,0,0,0
302637,,,,,,
302638,,2,2,1,2,0
302639,,2,0,2,1,1
302640,,,,,,
302641,,,,,,
302642,,,,,,
302643,,2,0,1,0,15
302644,,2,0,0,0,0
302645,,2,0,1,0,0
302646,,2,0,0,0,0
302647,,2,0,0,0,0
302648,,2,0,0,0,0
302649,,2,0,0,0,0
302650,,2,2,3,0,0
302651,,2,0,0,0,2
302652,,2,0,0,0,0
302653,,2,0,0,0,0
302654,1,4,0,0,0,0
302655,,2,0,1,0,20
302656,,4,0,1,0,2
302657,,3,0,0,0,0
302658,,2,1,0,0,0
302659,,2,0,2,0,2
302660,,2,0,0,0,0
302661,,,,,,
302662,,2,0,1,0,3
302663,,2,0,0,0,1
302664,,1,0,0,0,2
302665,,3,1,0,0,2
302666,,2,2,1,1,1
302667,,2,2,0,0,1
302668,,1,0,0,0,0
302669,,2,0,0,0,1
302670,,2,0,0,0,1
302671,,2,0,0,0,0
302672,,3,0,0,0,0
302673,,2,0,0,0,0
302674,1,3,1,1,0,2
302675,1,2,0,0,0,2
302676,,,,,,
302677,1,2,3,0,0,0
302678,,1,0,0,0,1
302679,,,,,,
302680,,2,3,0,0,0
302681,,,,,,
302682,,,,,,
302683,,3,0,1,0,0
302684,,4,1,0,0,0
302685,,3,0,0,0,15
302686,,4,1,0,0,0
302687,,1,0,1,0,0
302688,,,,,,
302689,,1,0,0,0,9
302690,,3,3,0,0,0
302691,,3,2,0,0,0
302692,,,,,,
302693,,2,0,0,0,4
302694,,,,,,
302695,,3,0,0,0,1
302696,,3,0,0,0,0
302697,,1,0,0,0,0
302698,1,2,0,0,0,1
302699,,,,,,
302700,,2,0,0,0,0
302701,,3,1,0,0,0
302702,,,,,,
302703,1,3,1,1,0,1
302704,,,,,,
302705,1,2,0,0,0,0
302706,,2,0,1,0,0
302707,,3,0,0,0,0
302708,,2,2,1,0,1
302709,,2,3,0,0,0
302710,,,,,,
302711,,,,,,
302712,,4,0,1,0,0
302713,,1,0,0,0,0
302714,,,,,,
302715,,2,0,0,0,0
302716,1,2,0,0,0,0
302717,2,2,0,0,0,1
302718,,,,,,
302719,,3,2,0,0,0
302720,,2,1,1,0,0
302721,,1,0,0,0,0
302722,,,,,,
302723,,,,,,
302724,,1,0,0,0,0
302725,,2,0,0,0,2
302726,,2,0,0,0,0
302727,,1,0,0,0,1
302728,,4,0,0,0,0
302729,,3,1,0,0,0
302730,,1,0,0,0,1
302731,,2,2,0,0,2
302732,,2,0,0,0,1
302733,,3,0,0,0,12
302734,,,,,,
302735,,3,1,0,0,0
302736,,2,0,0,0,1
302737,,,,,,
302738,,4,1,0,0,0
302739,,3,0,0,0,0
302740,,2,1,1,0,0
302741,,,,,,
302742,,2,0,0,0,0
302743,,2,0,0,0,0
302744,,2,0,0,0,0
302745,,4,2,0,0,0
302746,,4,0,1,0,0
302747,,2,0,1,0,0
302748,,1,0,0,0,0
302749,,1,1,0,0,0
302750,,,,,,
302751,,2,2,0,0,0
302752,,3,0,0,0,0
302753,,1,0,0,0,0
302754,,2,0,0,0,0
302755,,2,0,1,0,10
302756,,3,2,0,0,2
302757,,,,,,
302758,,2,0,0,0,0
302759,,3,0,0,0,0
302760,,,,,,
302761,,2,0,0,0,0
302762,,,,,,
302763,,,,,,
302764,,,,,,
302765,,3,0,1,0,5
302766,,4,1,0,0,0
302767,,2,2,0,0,0
302768,,,,,,
302769,,2,0,0,1,1
302770,,,,,,
302771,,2,0,0,0,0
302772,,1,0,0,0,5
302773,1,2,0,0,0,1
302774,,1,0,0,0,3
302775,,1,0,0,0,0
302776,,2,2,0,0,0
302777,,,,,,
302778,,,,,,
302779,,2,0,0,0,0
302780,,2,0,1,0,6
302781,,,,,,
302782,,2,1,0,0,0
302783,,,,,,
302784,,,,,,
302785,,2,2,1,0,0
302786,,,,,,
302787,,2,0,0,0,0
302788,,2,0,0,0,0
302789,,2,0,0,0,0
302790,,,,,,
302791,,2,0,0,20,8
302792,,1,0,0,0,0
302793,,2,0,0,0,0
302794,,2,0,0,0,0
302795,,,,,,
302796,,1,0,0,0,0
302797,,1,0,0,0,0
302798,,2,0,,,
302799,,2,0,0,4,4
302800,,2,1,1,4,1
302801,,3,1,0,0,0
302802,,2,2,0,0,0
302803,,4,0,1,0,0
302804,,2,1,0,0,0
302805,,4,0,0,0,0
302806,,,,,,
302807,,1,0,0,0,0
302808,,2,0,1,0,0
302809,,3,0,0,0,1
302810,,1,0,0,0,0
302811,,2,0,0,0,0
302812,,3,0,0,0,0
302813,,3,1,1,0,6
302814,,3,0,0,8,0
302815,,,,,,
302816,,,,,,
302817,,1,2,0,0,0
302818,,,,,,
302819,,1,0,0,0,0
302820,,1,0,0,0,0
302821,,,,,,
302822,,,,,,
302823,,2,0,0,0,0
302824,,2,0,0,0,2
302825,,2,0,0,0,0
302826,,4,0,2,0,0
302827,,1,2,0,0,0
302828,,,,,,
302829,,3,0,0,0,0
302830,,2,2,1,0,1
302831,,2,2,0,0,1
302832,,2,2,1,0,2
302833,,2,0,1,0,1
302834,,3,1,0,0,8
302835,,1,0,0,0,0
302836,,2,0,0,0,0
302837,,,,,,
302838,,2,0,1,0,2
302839,1,2,0,0,0,12
302840,,2,0,0,0,4
302841,,3,1,1,0,1
302842,,2,1,3,4,2
302843,,1,0,0,0,0
302844,,2,0,0,0,0
302845,,2,0,1,0,1
302846,,4,0,0,0,0
302847,,,,,,
302848,,2,2,,,
302849,,2,1,0,0,5
302850,,,,,,
302851,,,,,,
302852,,3,1,0,0,1
302853,,,,,,
302854,,2,0,0,0,0
302855,,2,0,0,0,0
302856,,2,0,2,0,0
302857,,2,0,0,0,2
302858,1,2,1,0,0,2
302859,,2,2,0,0,1
302860,,3,2,0,2,2
302861,,,,,,
302862,,,,,,
302863,2,1,0,0,3,1
302864,0,4,0,0,0,1
302865,,,,,,
302866,,4,0,0,0,5
302867,,2,0,0,0,0
302868,,2,0,0,0,0
302869,,4,0,0,0,0
302870,,1,0,1,0,0
302871,,,,,,
302872,,2,0,0,0,0
302873,,,,,,
302874,,2,2,0,0,0
302875,,,,,,
302876,,,,,,
302877,,1,0,0,0,0
302878,,,,,,
302879,,2,0,1,0,0
302880,,3,0,0,0,1
302881,,4,0,1,0,0
302882,,3,1,1,1,2
302883,,2,2,0,0,7
302884,,2,0,1,0,1
302885,,2,1,0,0,0
302886,,,,,,
302887,,1,0,0,0,0
302888,,2,0,1,1,0
302889,,2,0,0,0,1
302890,,2,0,0,0,0
302891,,2,0,0,0,2
302892,,1,0,0,1,0
302893,,,,,,
302894,,3,1,0,0,0
302895,,4,1,0,0,0
302896,,2,1,0,0,0
302897,,1,0,0,0,0
302898,1,2,0,0,0,1
302899,2,3,0,0,0,0
302900,,,,,,
302901,,,,,,
302902,,2,0,0,0,0
302903,,,,,,
302904,,2,0,0,0,0
302905,,,,,,
302906,,2,0,0,0,0
302907,,2,0,0,0,2
302908,,2,1,0,0,0
302909,,2,3,2,0,0
302910,,,,,,
302911,,4,1,1,0,0
302912,,2,0,0,0,0
302913,,1,0,,,
302914,,2,0,0,0,0
302915,,2,0,0,0,0
302916,1,2,0,0,0,1
302917,,2,0,2,5,0
302918,,1,0,0,0,0
302919,1,2,0,1,0,1
302920,,2,0,0,5,12
302921,,2,0,0,0,2
302922,,3,2,1,0,1
302923,,2,2,0,0,0
302924,,2,1,1,0,2
302925,,,,,,
302926,,,,,,
302927,,3,0,0,0,0
302928,,,,,,
302929,,2,0,0,0,0
302930,,2,0,0,0,0
302931,,1,0,0,0,0
302932,,2,0,2,0,0
302933,,2,0,1,0,0
302934,,2,2,0,1,0
302935,,4,0,0,0,0
302936,,2,0,0,0,0
302937,,3,0,0,0,2
302938,,2,0,0,0,0
302939,,2,1,0,0,0
302940,1,2,0,0,2,0
302941,0,2,2,0,1,4
302942,,1,0,1,0,2
302943,,4,0,0,0,6
302944,,1,0,0,0,0
302945,,2,0,0,0,1
302946,,2,0,0,0,0
302947,,2,0,1,0,0
302948,,2,1,0,0,0
302949,,,,,,
302950,,2,1,0,2,2
302951,,1,1,0,0,0
302952,,,,,,
302953,,4,0,1,0,1
302954,,,,,,
302955,,2,0,0,0,2
302956,,2,0,0,0,0
302957,,2,0,2,0,1
302958,,2,2,0,0,0
302959,,2,2,1,5,1
302960,,3,0,1,0,0
302961,,,,,,
302962,,3,0,0,0,0
302963,,2,0,0,0,0
302964,,2,0,0,0,1
302965,,4,0,0,0,0
302966,,2,3,0,0,0
302967,,3,0,1,0,2
302968,,,,,,
302969,,4,0,0,0,3
302970,,1,0,0,0,0
302971,,2,0,1,0,0
302972,,1,0,1,0,1
302973,,2,0,2,0,6
302974,,3,0,1,0,0
302975,,2,0,0,0,0
302976,,2,0,0,0,0
302977,2,2,3,0,2,12
302978,1,2,2,2,2,0
302979,,1,0,0,0,1
302980,,,,,,
302981,,1,0,1,0,15
302982,,2,0,0,0,0
302983,,2,0,0,0,0
302984,,2,0,0,0,5
302985,,2,2,0,0,1
302986,,4,0,0,0,4
302987,,4,0,0,0,0
302988,,1,0,0,0,1
302989,,2,0,0,0,0
302990,,,,,,
302991,,2,3,0,0,0
302992,,2,0,0,0,0
302993,,3,0,0,0,0
302994,,,,,,
302995,,2,0,0,0,0
302996,,2,0,0,0,0
302997,1,2,0,0,0,2
302998,,,,,,
302999,,,,,,
303000,,2,0,0,0,2
303001,,2,0,0,0,4
303002,,2,0,0,0,3
303003,4,3,0,0,0,0
303004,,2,0,1,0,5
303005,,1,0,0,0,0
303006,,1,0,0,0,0
303007,,,,,,
303008,,3,1,0,1,1
303009,,,,,,
303010,1,2,0,0,0,2
303011,,,,,,
303012,,2,0,0,0,24
303013,,,,,,
303014,,,,,,
303015,,2,2,0,0,0
303016,,4,0,0,0,0
303017,,,,,,
303018,,,,,,
303019,,1,0,1,0,5
303020,,1,0,0,0,0
303021,,2,0,0,0,0
303022,,,,,,
303023,,2,0,1,1,0
303024,,2,0,1,0,0
303025,,,,,,
303026,,2,1,,,0
303027,1,2,0,0,0,0
303028,,1,0,0,0,0
303029,,,,,,
303030,,1,0,1,0,0
303031,,,,,,
303032,,2,0,1,0,3
303033,,2,0,0,0,0
303034,,,,,,
303035,,3,3,0,0,0
303036,,4,1,0,0,0
303037,,2,1,1,0,0
303038,,,,,,
303039,,2,1,0,1,5
303040,,,,,,
303041,1,2,0,0,0,1
303042,,,,,,
303043,,2,0,0,0,0
303044,,,,,,
303045,,1,0,2,0,20
303046,2,4,1,0,0,1
303047,,,,,,
303048,,2,0,1,0,0
303049,,4,0,1,0,0
303050,,2,1,0,0,0
303051,,2,3,1,0,0
303052,,3,1,0,1,2
303053,,,,,,
303054,,1,2,0,0,1
303055,,,,,,
303056,,2,0,0,0,10
303057,,1,0,0,0,0
303058,,2,0,0,0,0
303059,,2,0,0,0,1
303060,,2,0,1,0,4
303061,,2,0,0,0,0
303062,,4,0,1,1,0
303063,,3,0,0,0,0
303064,,2,0,1,0,2
303065,,,,,,
303066,,1,0,0,0,0
303067,,2,0,0,0,1
303068,,1,0,0,0,0
303069,,2,0,0,0,1
303070,,2,0,0,0,0
303071,,1,0,0,5,0
303072,,4,1,0,0,3
303073,,,,,,
303074,,,,,,
303075,,3,0,0,0,0
303076,,,,,,
303077,,1,0,0,0,0
303078,,2,0,0,0,1
303079,,2,2,0,0,0
303080,,2,2,0,0,0
303081,1,4,0,0,0,10
303082,,4,0,1,0,0
303083,,2,0,0,0,0
303084,,1,0,0,0,0
303085,,2,0,0,0,1
303086,,2,0,1,0,0
303087,,,,,,
303088,,2,0,0,1,1
303089,,1,0,1,0,0
303090,,1,0,1,0,0
303091,,2,0,1,0,1
303092,,2,0,0,0,0
303093,,2,0,0,0,0
303094,,2,0,0,0,0
303095,,2,0,0,0,0
303096,,3,1,1,0,0
303097,,2,2,1,0,0
303098,,2,3,0,15,5
303099,,2,1,0,0,0
303100,,2,1,1,0,2
303101,1,2,0,0,0,0
303102,,1,0,0,0,0
303103,,2,0,1,0,0
303104,,2,2,0,0,0
303105,,,,,,
303106,,2,1,0,0,0
303107,1,3,1,1,0,24
303108,,1,0,0,0,0
303109,,,,,,
303110,,,,,,
303111,,2,0,1,0,0
303112,,3,0,0,3,0
303113,,,,,,
303114,,3,0,1,0,0
303115,,,,,,
303116,2,2,0,0,3,0
303117,,2,0,0,0,1
303118,,2,0,1,0,2
303119,,2,0,0,0,0
303120,,2,2,0,0,0
303121,,2,0,2,0,3
303122,,,,,,
303123,,,,,,
303124,,2,0,0,0,1
303125,,,,,,
303126,,,,,,
303127,,2,2,0,0,0
303128,,,,,,
303129,,,,,,
303130,,,,,,
303131,,2,0,1,0,0
303132,,2,0,0,0,0
303133,,1,0,0,0,0
303134,,,,,,
303135,,3,0,0,0,0
303136,,2,3,0,1,0
303137,,3,2,0,0,0
303138,,2,5,0,0,0
303139,,1,0,0,0,5
303140,,3,0,1,0,2
303141,,,,,,
303142,,,,,,
303143,,2,0,0,0,0
303144,,2,0,0,0,0
303145,,2,1,0,1,1
303146,,2,2,2,0,1
303147,,2,0,0,0,0
303148,,3,1,2,0,4
303149,,1,0,0,0,0
303150,,,,,,
303151,,1,0,0,0,1
303152,,,,,,
303153,,2,0,0,0,0
303154,,2,0,0,0,0
303155,,,,,,
303156,,1,0,0,0,0
303157,,4,0,0,0,0
303158,,,,,,
303159,,2,0,0,0,0
303160,,2,0,0,0,0
303161,,,,,,
303162,,1,0,0,0,15
303163,,2,0,1,0,1
303164,,,,,,
303165,,2,2,0,0,0
303166,,,,,,
303167,,3,2,1,0,0
303168,,,,,,
303169,,,,,,
303170,,2,0,1,0,0
303171,,2,0,0,0,0
303172,,2,0,1,0,0
303173,,2,0,0,0,0
303174,,3,0,0,0,4
303175,,3,0,0,0,0
303176,,4,0,0,0,0
303177,,,,,,
303178,,,,,,
303179,1,2,0,0,0,0
303180,,2,0,2,0,3
303181,5,2,0,1,0,0
303182,,2,0,0,0,1
303183,,,,,,
303184,,1,0,0,0,0
303185,,,,,,
303186,,1,0,4,0,0
303187,,2,0,0,0,4
303188,,,,,,
303189,,,,,,
303190,,,,,,
303191,,1,0,0,0,0
303192,,,,,,
303193,,2,0,0,0,4
303194,,,,,,
303195,,2,0,1,0,0
303196,,2,0,0,1,2
303197,,,,,,
303198,,1,0,0,0,0
303199,,,,,,
303200,,2,0,0,0,3
303201,,2,2,1,0,0
303202,,2,2,1,0,1
303203,,2,4,0,0,1
303204,,,,,,
303205,,1,0,0,0,1
303206,1,4,0,0,0,0
303207,,3,1,0,0,2
303208,,,,,,
303209,,2,2,1,2,0
303210,,1,0,0,0,1
303211,,2,0,0,0,2
303212,,,,,,
303213,,1,0,0,0,1
303214,,1,0,0,0,2
303215,,,,,,
303216,,2,0,1,0,2
303217,,,,,,
303218,,1,0,0,0,0
303219,,,,,,
303220,,1,0,0,0,0
303221,,,,,,
303222,,2,1,0,0,0
303223,20,4,0,0,0,0
303224,,2,0,0,0,1
303225,,1,0,1,0,0
303226,,2,0,0,0,0
303227,,3,0,0,0,1
303228,,,,,,
303229,,3,0,0,0,0
303230,,2,2,0,0,1
303231,,,,,,
303232,,1,0,0,0,1
303233,,3,0,0,0,0
303234,,3,1,0,0,5
303235,,4,0,0,0,0
303236,,2,0,0,0,0
303237,,2,0,1,0,0
303238,,2,0,0,0,5
303239,,,,,,
303240,,4,2,1,0,2
303241,,2,0,0,0,1
303242,,2,0,0,0,8
303243,,2,2,0,0,0
303244,,3,2,0,0,0
303245,,2,0,0,0,1
303246,,2,0,0,0,0
303247,,2,0,0,0,0
303248,,2,0,0,0,3
303249,,2,0,0,0,2
303250,1,4,0,0,0,1
303251,,1,0,0,0,0
303252,,4,2,0,17,0
303253,,2,1,0,2,5
303254,,2,1,0,0,0
303255,,3,3,0,0,0
303256,,2,1,0,0,0
303257,1,2,2,0,0,1
303258,,,,,,
303259,6,2,1,0,0,0
303260,,2,1,0,0,4
303261,,2,0,0,1,1
303262,1,2,1,0,0,1
303263,,1,0,1,0,0
303264,,2,0,0,0,0
303265,,2,0,2,0,0
303266,,2,1,0,0,5
303267,,,,,,
303268,,,,,,
303269,,2,2,1,0,0
303270,,,,,,
303271,,,,,,
303272,1,2,0,1,0,0
303273,1,2,3,0,0,5
303274,,2,2,0,0,1
303275,,,,,,
303276,,1,0,0,0,1
303277,,2,0,0,0,0
303278,,2,0,0,0,0
303279,,2,0,1,0,0
303280,,,,,,
303281,,,,,,
303282,,3,2,0,0,0
303283,,1,0,0,0,0
303284,,2,0,0,0,0
303285,,4,0,0,1,2
303286,,,,,,
303287,,2,4,0,0,2
303288,,,,,,
303289,,1,0,1,1,2
303290,,,,,,
303291,,1,0,0,0,1
303292,,2,0,0,0,0
303293,,1,0,0,0,1
303294,,,,,,
303295,,2,0,1,0,0
303296,,4,0,1,0,0
303297,,2,2,2,0,0
303298,,1,0,0,0,0
303299,,,,,,
303300,,2,0,0,0,2
303301,,,,,,
303302,1,2,0,1,0,17
303303,,4,0,0,0,0
303304,,2,2,0,0,2
303305,,,,,,
303306,,,,,,
303307,1,3,0,0,0,1
303308,1,2,0,1,0,0
303309,1,2,0,0,0,1
303310,,2,0,0,0,0
303311,,2,0,0,0,0
303312,,,,,,
303313,,1,0,0,0,0
303314,,2,0,0,0,0
303315,,,,,,
303316,,2,0,0,0,0
303317,,1,0,0,0,0
303318,,,,,,
303319,,1,0,0,0,0
303320,,,,,,
303321,,1,0,0,0,0
303322,,,,,,
303323,,,,,,
303324,,,,,,
303325,,4,0,1,0,0
303326,,4,0,0,0,0
303327,,,,,,
303328,,3,2,0,0,8
303329,,2,0,1,0,0
303330,,2,0,0,0,0
303331,,2,0,0,0,0
303332,,2,3,0,0,0
303333,,2,0,0,0,0
303334,,,,,,
303335,,,,,,
303336,,2,1,0,0,0
303337,,2,0,0,0,0
303338,,1,0,0,0,0
303339,,2,0,0,0,0
303340,,2,1,2,0,3
303341,,1,0,0,0,0
303342,1,1,0,0,1,2
303343,,1,0,0,0,0
303344,,,,,,
303345,,2,2,0,0,0
303346,,,,,,
303347,,2,1,0,0,0
303348,,2,0,0,0,1
303349,,3,1,0,0,0
303350,,1,0,0,0,0
303351,,,,,,
303352,,2,0,0,0,0
303353,1,2,0,1,0,2
303354,,,,,,
303355,,2,0,1,0,0
303356,,2,0,0,0,0
303357,,2,0,0,0,0
303358,,2,1,0,0,0
303359,,2,0,1,0,4
303360,,,,,,
303361,,4,0,1,0,5
303362,,3,0,0,0,1
303363,,3,1,0,0,1
303364,,1,0,0,0,0
303365,,3,0,0,0,1
303366,,3,1,0,0,5
303367,,4,2,0,0,0
303368,,2,1,0,0,0
303369,,2,1,0,0,1
303370,,2,0,0,0,2
303371,,3,0,0,0,0
303372,,4,0,0,0,0
303373,,,,,,
303374,,,,,,
303375,,3,3,0,0,2
303376,,,,,,
303377,,,,,,
303378,,1,0,0,0,0
303379,,2,0,1,0,1
303380,1,2,0,0,0,2
303381,,,,,,
303382,3,2,4,0,0,2
303383,,2,2,0,0,2
303384,,1,0,0,0,0
303385,,2,2,0,0,1
303386,,5,0,0,0,0
303387,,3,1,0,0,4
303388,,2,0,0,0,0
303389,,2,0,1,0,0
303390,,,,,,
303391,,,,,,
303392,,4,0,0,0,0
303393,,3,1,0,0,1
303394,,2,0,0,0,0
303395,,,,,,
303396,,1,0,0,0,0
303397,,2,0,0,0,0
303398,,,,,,
303399,1,3,0,4,3,0
303400,,2,0,1,0,1
303401,,3,0,0,0,0
303402,,3,3,1,0,2
303403,,2,2,0,0,0
303404,,2,0,0,0,1
303405,,2,0,0,0,1
303406,1,2,0,0,0,2
303407,,3,0,0,1,0
303408,,2,0,1,0,0
303409,,2,2,0,0,1
303410,,,,,,
303411,1,4,0,1,0,1
303412,,,,,,
303413,1,2,0,1,0,2
303414,,,,,,
303415,1,2,0,0,1,0
303416,1,1,1,1,0,20
303417,,2,0,1,0,0
303418,,2,1,1,0,0
303419,,,,,,
303420,,2,0,0,0,0
303421,,1,0,0,0,0
303422,,,,,,
303423,,2,0,1,0,0
303424,,2,0,0,0,0
303425,,,,,,
303426,1,2,1,1,0,0
303427,3,2,2,1,0,2
303428,,4,1,0,0,0
303429,,,,,,
303430,,1,0,0,0,12
303431,,1,0,0,0,0
303432,,,,,,
303433,,1,0,0,0,7
303434,,2,0,0,0,0
303435,,1,0,1,0,0
303436,,2,0,0,0,0
303437,,2,0,0,0,0
303438,,2,1,0,0,1
303439,,1,0,0,0,3
303440,,2,0,0,0,0
303441,,,,,,
303442,,2,0,1,0,2
303443,,2,0,0,0,1
303444,,2,0,0,0,0
303445,,2,0,0,0,17
303446,,2,0,0,0,3
303447,,1,0,0,0,0
303448,,4,0,0,0,1
303449,,3,1,0,0,2
303450,,,,,,
303451,,2,0,0,0,0
303452,,2,2,0,0,4
303453,,2,0,1,0,0
303454,,,,,,
303455,,2,0,1,0,3
303456,1,2,0,1,0,1
303457,,,,,,
303458,,2,0,0,0,0
303459,,,,,,
303460,,,,,,
303461,,,,,,
303462,,3,0,0,0,35
303463,,,,,,
303464,,1,0,0,0,3
303465,,1,0,0,0,0
303466,,2,0,0,0,0
303467,,1,0,0,0,0
303468,,3,0,0,0,0
303469,,4,1,0,0,0
303470,,3,0,1,1,2
303471,,4,0,1,1,0
303472,,1,0,0,0,0
303473,,,,,,
303474,,2,2,0,0,1
303475,,,,,,
